S_sh,S_ex,ST,s,i
1.0,0.0,5.0,f1,0
0.024999999999995,0.0,25.0,b1,0
1.0,0.0,5.0,f1,1
0.0270822045160877,0.0,25.0,b1,1
1.0,0.0,5.0,f1,2
0.0,0.0,25.0,b1,2
1.0,0.0,5.0,f1,3
0.0,0.0,25.0,b1,3
1.0,0.0,5.0,f1,4
0.0,0.0,25.0,b1,4
1.0,0.0,5.0,f1,5
0.0,0.0,25.0,b1,5
0.0,0.0,5.0,f1,6
0.0,0.0,25.0,b1,6
1.0,0.0,5.0,f1,7
0.0,0.0,25.0,b1,7
1.0,0.0,5.0,f1,8
0.0,0.0,25.0,b1,8
1.0,0.0,5.0,f1,9
0.0,0.0,25.0,b1,9
1.0,0.0,5.0,f1,10
0.0,0.0,25.0,b1,10
1.0,0.0,5.0,f1,11
0.0,0.0,25.0,b1,11
1.0,0.0,5.0,f1,12
0.0,0.0,25.0,b1,12
1.0,0.0,5.0,f1,13
0.0,0.0,25.0,b1,13
0.0,0.0,5.0,f1,14
0.0,0.0,25.0,b1,14
0.0,0.0,5.0,f1,15
0.0,0.0,25.0,b1,15
0.0,0.0,5.0,f1,16
0.0,0.0,25.0,b1,16
0.0,0.0,5.0,f1,17
0.0,0.0,25.0,b1,17
0.0,0.0,5.0,f1,18
0.0,0.0,25.0,b1,18
0.0,0.0,5.0,f1,19
0.0,0.0,25.0,b1,19
0.0,0.0,5.0,f1,20
0.0,0.0,25.0,b1,20
0.0,0.0,5.0,f1,21
0.0,0.0,25.0,b1,21
0.0,0.0,5.0,f1,22
0.0,0.0,25.0,b1,22
0.0,0.0,5.0,f1,23
0.0,0.0,25.0,b1,23
0.0,0.0,5.0,f1,24
0.0,0.0,25.0,b1,24
0.0,0.0,5.0,f1,25
0.0,0.0,25.0,b1,25
0.0,0.0,5.0,f1,26
0.0,0.0,25.0,b1,26
0.0,0.0,5.0,f1,27
0.0,0.0,25.0,b1,27
0.0,0.0,5.0,f1,28
0.0,0.0,25.0,b1,28
0.0,0.0,5.0,f1,29
0.0,0.0,25.0,b1,29
0.0,0.0,5.0,f1,30
0.0,0.0,25.0,b1,30
0.0,0.0,5.0,f1,31
0.0,0.0,25.0,b1,31
0.0,0.0,5.0,f1,32
0.0,0.0,25.0,b1,32
0.0,0.0,5.0,f1,33
0.0,0.0,25.0,b1,33
0.0,0.0,5.0,f1,34
0.0,0.0,25.0,b1,34
0.0,0.0,5.0,f1,35
0.0,0.0,25.0,b1,35
0.0,0.0,5.0,f1,36
0.0,0.0,25.0,b1,36
0.0,0.0,5.0,f1,37
0.0,0.0,25.0,b1,37
0.0,0.0,5.0,f1,38
0.0,0.0,25.0,b1,38
0.0,0.0,5.0,f1,39
0.0,0.0,25.0,b1,39
0.0,0.0,5.0,f1,40
0.0,0.0,25.0,b1,40
0.0,0.0,5.0,f1,41
0.0,0.0,25.0,b1,41
0.0,0.0,5.0,f1,42
0.0,0.0,25.0,b1,42
0.0,0.0,5.0,f1,43
0.0,0.0,25.0,b1,43
0.0,0.0,5.0,f1,44
0.0,0.0,25.0,b1,44
0.0,0.0,5.0,f1,45
0.0,0.0,25.0,b1,45
0.0,0.0,5.0,f1,46
0.0,0.0,25.0,b1,46
0.0,0.0,5.0,f1,47
0.0,0.0,25.0,b1,47
0.0,0.0,5.0,f1,48
0.0,0.0,25.0,b1,48
1.0,0.0,5.0,f1,49
0.0,0.0,25.0,b1,49
1.0,0.0,5.0,f1,50
0.0,0.0,25.0,b1,50
1.0,0.0,5.0,f1,51
0.0,0.0,25.0,b1,51
1.0,0.0,5.0,f1,52
0.0,0.0,25.0,b1,52
1.0,0.0,5.0,f1,53
0.0,0.0,25.0,b1,53
1.0,0.0,5.0,f1,54
0.0,0.0,25.0,b1,54
1.0,0.0,5.0,f1,55
0.0,0.0,25.0,b1,55
1.0,0.0,5.0,f1,56
0.0,0.0,25.0,b1,56
1.0,0.0,5.0,f1,57
0.0513785860397249,0.0,25.0,b1,57
1.0,0.0,5.0,f1,58
5.0,0.0,25.0,b1,58
1.0,0.0,5.0,f1,59
5.0,0.0,25.0,b1,59
1.0,0.0,5.0,f1,60
5.0,0.0,25.0,b1,60
1.0,0.0,5.0,f1,61
5.0,0.0,25.0,b1,61
1.0,0.0,5.0,f1,62
5.0,0.0,25.0,b1,62
1.0,0.0,5.0,f1,63
5.0,0.0,25.0,b1,63
1.0,0.0,5.0,f1,64
5.0,0.0,25.0,b1,64
1.0,0.0,5.0,f1,65
5.0,0.0,25.0,b1,65
1.0,0.0,5.0,f1,66
5.0,0.0,25.0,b1,66
1.0,0.0,5.0,f1,67
5.0,0.0,25.0,b1,67
1.0,0.0,5.0,f1,68
5.0,0.0,25.0,b1,68
1.0,0.0,5.0,f1,69
5.0,0.0,25.0,b1,69
1.0,0.0,5.0,f1,70
5.0,0.0,25.0,b1,70
1.0,0.0,5.0,f1,71
5.0,0.0,25.0,b1,71
1.0,0.0,5.0,f1,72
5.0,0.0,25.0,b1,72
1.0,0.0,5.0,f1,73
5.0,0.0,25.0,b1,73
1.0,0.0,5.0,f1,74
5.0,0.0,25.0,b1,74
1.0,0.0,5.0,f1,75
5.0,0.0,25.0,b1,75
1.0,0.0,5.0,f1,76
5.0,0.0,25.0,b1,76
1.0,0.0,5.0,f1,77
5.0,0.0,25.0,b1,77
1.0,0.0,5.0,f1,78
5.0,0.0,25.0,b1,78
1.0,0.0,5.0,f1,79
5.0,0.0,25.0,b1,79
1.0,0.0,5.0,f1,80
5.0,0.0,25.0,b1,80
1.0,0.0,5.0,f1,81
5.0,0.0,25.0,b1,81
1.0,0.0,5.0,f1,82
5.0,0.0,25.0,b1,82
1.0,0.0,5.0,f1,83
5.0,0.0,25.0,b1,83
1.0,0.0,5.0,f1,84
5.0,0.0,25.0,b1,84
1.0,0.0,5.0,f1,85
5.0,0.0,25.0,b1,85
1.0,0.0,5.0,f1,86
5.0,0.0,25.0,b1,86
1.0,0.0,5.0,f1,87
5.0,0.0,25.0,b1,87
1.0,0.0,5.0,f1,88
5.0,0.0,25.0,b1,88
1.0,0.0,5.0,f1,89
5.0,0.0,25.0,b1,89
1.0,0.0,5.0,f1,90
5.0,0.0,25.0,b1,90
1.0,0.0,5.0,f1,91
5.0,0.0,25.0,b1,91
1.0,0.0,5.0,f1,92
5.0,0.0,25.0,b1,92
1.0,0.0,5.0,f1,93
5.0,0.0,25.0,b1,93
1.0,0.0,5.0,f1,94
5.0,0.0,25.0,b1,94
1.0,0.0,5.0,f1,95
5.0,0.0,25.0,b1,95
1.0,0.0,5.0,f1,96
5.0,0.0,25.0,b1,96
1.0,0.0,5.0,f1,97
5.0,0.0,25.0,b1,97
1.0,0.0,5.0,f1,98
5.0,0.0,25.0,b1,98
1.0,0.0,5.0,f1,99
5.0,0.0,25.0,b1,99
1.0,0.0,5.0,f1,100
5.0,0.0,25.0,b1,100
1.0,0.0,5.0,f1,101
5.0,0.0,25.0,b1,101
1.0,0.0,5.0,f1,102
5.0,0.0,25.0,b1,102
1.0,0.0,5.0,f1,103
5.0,0.0,25.0,b1,103
1.0,0.0,5.0,f1,104
5.0,0.0,25.0,b1,104
1.0,0.0,5.0,f1,105
5.0,0.0,25.0,b1,105
1.0,0.0,5.0,f1,106
5.0,0.0,25.0,b1,106
1.0,0.0,5.0,f1,107
5.0,0.0,25.0,b1,107
1.0,0.0,5.0,f1,108
5.0,0.0,25.0,b1,108
1.0,0.0,5.0,f1,109
5.0,0.0,25.0,b1,109
1.0,0.0,5.0,f1,110
5.0,0.0,25.0,b1,110
1.0,0.0,5.0,f1,111
5.0,0.0,25.0,b1,111
1.0,0.0,5.0,f1,112
5.0,0.0,25.0,b1,112
1.0,0.0,5.0,f1,113
5.0,0.0,25.0,b1,113
1.0,0.0,5.0,f1,114
5.0,0.0,25.0,b1,114
1.0,0.0,5.0,f1,115
5.0,0.0,25.0,b1,115
1.0,0.0,5.0,f1,116
5.0,0.0,25.0,b1,116
1.0,0.0,5.0,f1,117
5.0,0.0,25.0,b1,117
1.0,0.0,5.0,f1,118
5.0,0.0,25.0,b1,118
1.0,0.0,5.0,f1,119
5.0,0.0,25.0,b1,119
1.0,0.0,5.0,f1,120
5.0,0.0,25.0,b1,120
1.0,0.0,5.0,f1,121
5.0,0.0,25.0,b1,121
1.0,0.0,5.0,f1,122
5.0,0.0,25.0,b1,122
1.0,0.0,5.0,f1,123
5.0,0.0,25.0,b1,123
1.0,0.0,5.0,f1,124
5.0,0.0,25.0,b1,124
1.0,0.0,5.0,f1,125
5.0,0.0,25.0,b1,125
1.0,0.0,5.0,f1,126
5.0,0.0,25.0,b1,126
1.0,0.0,5.0,f1,127
5.0,0.0,25.0,b1,127
1.0,0.0,5.0,f1,128
5.0,0.0,25.0,b1,128
1.0,0.0,5.0,f1,129
5.0,0.0,25.0,b1,129
1.0,0.0,5.0,f1,130
5.0,0.0,25.0,b1,130
1.0,0.0,5.0,f1,131
5.0,0.0,25.0,b1,131
1.0,0.0,5.0,f1,132
5.0,0.0,25.0,b1,132
1.0,0.0,5.0,f1,133
5.0,0.0,25.0,b1,133
1.0,0.0,5.0,f1,134
5.0,0.0,25.0,b1,134
1.0,0.0,5.0,f1,135
5.0,0.0,25.0,b1,135
1.0,0.0,5.0,f1,136
5.0,0.0,25.0,b1,136
1.0,0.0,5.0,f1,137
5.0,0.0,25.0,b1,137
1.0,0.0,5.0,f1,138
5.0,0.0,25.0,b1,138
1.0,0.0,5.0,f1,139
5.0,0.0,25.0,b1,139
1.0,0.0,5.0,f1,140
5.0,0.0,25.0,b1,140
1.0,0.0,5.0,f1,141
5.0,0.0,25.0,b1,141
1.0,0.0,5.0,f1,142
5.0,0.0,25.0,b1,142
1.0,0.0,5.0,f1,143
5.0,0.0,25.0,b1,143
1.0,0.0,5.0,f1,144
5.0,0.0,25.0,b1,144
1.0,0.0,5.0,f1,145
5.0,0.0,25.0,b1,145
1.0,0.0,5.0,f1,146
5.0,0.0,25.0,b1,146
1.0,0.0,5.0,f1,147
5.0,0.0,25.0,b1,147
1.0,0.0,5.0,f1,148
5.0,0.0,25.0,b1,148
1.0,0.0,5.0,f1,149
5.0,0.0,25.0,b1,149
1.0,0.0,5.0,f1,150
5.0,0.0,25.0,b1,150
1.0,0.0,5.0,f1,151
5.0,0.0,25.0,b1,151
1.0,0.0,5.0,f1,152
5.0,0.0,25.0,b1,152
1.0,0.0,5.0,f1,153
5.0,0.0,25.0,b1,153
1.0,0.0,5.0,f1,154
5.0,0.0,25.0,b1,154
1.0,0.0,5.0,f1,155
5.0,0.0,25.0,b1,155
1.0,0.0,5.0,f1,156
5.0,0.0,25.0,b1,156
1.0,0.0,5.0,f1,157
5.0,0.0,25.0,b1,157
1.0,0.0,5.0,f1,158
5.0,0.0,25.0,b1,158
1.0,0.0,5.0,f1,159
5.0,0.0,25.0,b1,159
1.0,0.0,5.0,f1,160
5.0,0.0,25.0,b1,160
1.0,0.0,5.0,f1,161
5.0,0.0,25.0,b1,161
1.0,0.0,5.0,f1,162
5.0,0.0,25.0,b1,162
1.0,0.0,5.0,f1,163
5.0,0.0,25.0,b1,163
1.0,0.0,5.0,f1,164
5.0,0.0,25.0,b1,164
1.0,0.0,5.0,f1,165
5.0,0.0,25.0,b1,165
1.0,0.0,5.0,f1,166
5.0,0.0,25.0,b1,166
1.0,0.0,5.0,f1,167
5.0,0.0,25.0,b1,167
1.0,0.0,5.0,f1,168
5.0,0.0,25.0,b1,168
1.0,0.0,5.0,f1,169
5.0,0.0,25.0,b1,169
1.0,0.0,5.0,f1,170
5.0,0.0,25.0,b1,170
1.0,0.0,5.0,f1,171
5.0,0.0,25.0,b1,171
1.0,0.0,5.0,f1,172
5.0,0.0,25.0,b1,172
1.0,0.0,5.0,f1,173
5.0,0.0,25.0,b1,173
1.0,0.0,5.0,f1,174
5.0,0.0,25.0,b1,174
1.0,0.0,5.0,f1,175
5.0,0.0,25.0,b1,175
1.0,0.0,5.0,f1,176
5.0,0.0,25.0,b1,176
1.0,0.0,5.0,f1,177
5.0,0.0,25.0,b1,177
1.0,0.0,5.0,f1,178
5.0,0.0,25.0,b1,178
1.0,0.0,5.0,f1,179
5.0,0.0,25.0,b1,179
1.0,0.0,5.0,f1,180
5.0,0.0,25.0,b1,180
1.0,0.0,5.0,f1,181
5.0,0.0,25.0,b1,181
1.0,0.0,5.0,f1,182
5.0,0.0,25.0,b1,182
1.0,0.0,5.0,f1,183
5.0,0.0,25.0,b1,183
1.0,0.0,5.0,f1,184
5.0,0.0,25.0,b1,184
1.0,0.0,5.0,f1,185
5.0,0.0,25.0,b1,185
1.0,0.0,5.0,f1,186
5.0,0.0,25.0,b1,186
1.0,0.0,5.0,f1,187
5.0,0.0,25.0,b1,187
1.0,0.0,5.0,f1,188
5.0,0.0,25.0,b1,188
1.0,0.0,5.0,f1,189
5.0,0.0,25.0,b1,189
1.0,0.0,5.0,f1,190
5.0,0.0,25.0,b1,190
1.0,0.0,5.0,f1,191
5.0,0.0,25.0,b1,191
1.0,0.0,5.0,f1,192
5.0,0.0,25.0,b1,192
1.0,0.0,5.0,f1,193
5.0,0.0,25.0,b1,193
1.0,0.0,5.0,f1,194
5.0,0.0,25.0,b1,194
1.0,0.0,5.0,f1,195
5.0,0.0,25.0,b1,195
1.0,0.0,5.0,f1,196
5.0,0.0,25.0,b1,196
1.0,0.0,5.0,f1,197
5.0,0.0,25.0,b1,197
1.0,0.0,5.0,f1,198
5.0,0.0,25.0,b1,198
1.0,0.0,5.0,f1,199
5.0,0.0,25.0,b1,199
1.0,0.0,5.0,f1,200
5.0,0.0,25.0,b1,200
1.0,0.0,5.0,f1,201
5.0,0.0,25.0,b1,201
1.0,0.0,5.0,f1,202
5.0,0.0,25.0,b1,202
1.0,0.0,5.0,f1,203
5.0,0.0,25.0,b1,203
1.0,0.0,5.0,f1,204
5.0,0.0,25.0,b1,204
1.0,0.0,5.0,f1,205
5.0,0.0,25.0,b1,205
1.0,0.0,5.0,f1,206
5.0,0.0,25.0,b1,206
1.0,0.0,5.0,f1,207
5.0,0.0,25.0,b1,207
1.0,0.0,5.0,f1,208
5.0,0.0,25.0,b1,208
1.0,0.0,5.0,f1,209
5.0,0.0,25.0,b1,209
1.0,0.0,5.0,f1,210
5.0,0.0,25.0,b1,210
1.0,0.0,5.0,f1,211
5.0,0.0,25.0,b1,211
1.0,0.0,5.0,f1,212
5.0,0.0,25.0,b1,212
1.0,0.0,5.0,f1,213
5.0,0.0,25.0,b1,213
1.0,0.0,5.0,f1,214
5.0,0.0,25.0,b1,214
1.0,0.0,5.0,f1,215
5.0,0.0,25.0,b1,215
1.0,0.0,5.0,f1,216
5.0,0.0,25.0,b1,216
1.0,0.0,5.0,f1,217
5.0,0.0,25.0,b1,217
1.0,0.0,5.0,f1,218
5.0,0.0,25.0,b1,218
1.0,0.0,5.0,f1,219
5.0,0.0,25.0,b1,219
1.0,0.0,5.0,f1,220
5.0,0.0,25.0,b1,220
1.0,0.0,5.0,f1,221
5.0,0.0,25.0,b1,221
1.0,0.0,5.0,f1,222
5.0,0.0,25.0,b1,222
1.0,0.0,5.0,f1,223
5.0,0.0,25.0,b1,223
1.0,0.0,5.0,f1,224
5.0,0.0,25.0,b1,224
1.0,0.0,5.0,f1,225
5.0,0.0,25.0,b1,225
1.0,0.0,5.0,f1,226
5.0,0.0,25.0,b1,226
1.0,0.0,5.0,f1,227
5.0,0.0,25.0,b1,227
1.0,0.0,5.0,f1,228
5.0,0.0,25.0,b1,228
1.0,0.0,5.0,f1,229
5.0,0.0,25.0,b1,229
1.0,0.0,5.0,f1,230
5.0,0.0,25.0,b1,230
1.0,0.0,5.0,f1,231
5.0,0.0,25.0,b1,231
1.0,0.0,5.0,f1,232
5.0,0.0,25.0,b1,232
1.0,0.0,5.0,f1,233
5.0,0.0,25.0,b1,233
1.0,0.0,5.0,f1,234
5.0,0.0,25.0,b1,234
1.0,0.0,5.0,f1,235
5.0,0.0,25.0,b1,235
1.0,0.0,5.0,f1,236
5.0,0.0,25.0,b1,236
1.0,0.0,5.0,f1,237
5.0,0.0,25.0,b1,237
1.0,0.0,5.0,f1,238
5.0,0.0,25.0,b1,238
1.0,0.0,5.0,f1,239
5.0,0.0,25.0,b1,239
1.0,0.0,5.0,f1,240
5.0,0.0,25.0,b1,240
1.0,0.0,5.0,f1,241
5.0,0.0,25.0,b1,241
1.0,0.0,5.0,f1,242
5.0,0.0,25.0,b1,242
1.0,0.0,5.0,f1,243
5.0,0.0,25.0,b1,243
1.0,0.0,5.0,f1,244
5.0,0.0,25.0,b1,244
1.0,0.0,5.0,f1,245
5.0,0.0,25.0,b1,245
1.0,0.0,5.0,f1,246
5.0,0.0,25.0,b1,246
1.0,0.0,5.0,f1,247
5.0,0.0,25.0,b1,247
1.0,0.0,5.0,f1,248
5.0,0.0,25.0,b1,248
1.0,0.0,5.0,f1,249
5.0,0.0,25.0,b1,249
1.0,0.0,5.0,f1,250
5.0,0.0,25.0,b1,250
1.0,0.0,5.0,f1,251
5.0,0.0,25.0,b1,251
1.0,0.0,5.0,f1,252
5.0,0.0,25.0,b1,252
1.0,0.0,5.0,f1,253
5.0,0.0,25.0,b1,253
1.0,0.0,5.0,f1,254
5.0,0.0,25.0,b1,254
1.0,0.0,5.0,f1,255
5.0,0.0,25.0,b1,255
1.0,0.0,5.0,f1,256
5.0,0.0,25.0,b1,256
1.0,0.0,5.0,f1,257
5.0,0.0,25.0,b1,257
1.0,0.0,5.0,f1,258
5.0,0.0,25.0,b1,258
1.0,0.0,5.0,f1,259
5.0,0.0,25.0,b1,259
1.0,0.0,5.0,f1,260
5.0,0.0,25.0,b1,260
1.0,0.0,5.0,f1,261
5.0,0.0,25.0,b1,261
1.0,0.0,5.0,f1,262
5.0,0.0,25.0,b1,262
1.0,0.0,5.0,f1,263
5.0,0.0,25.0,b1,263
1.0,0.0,5.0,f1,264
5.0,0.0,25.0,b1,264
1.0,0.0,5.0,f1,265
5.0,0.0,25.0,b1,265
1.0,0.0,5.0,f1,266
5.0,0.0,25.0,b1,266
1.0,0.0,5.0,f1,267
5.0,0.0,25.0,b1,267
1.0,0.0,5.0,f1,268
5.0,0.0,25.0,b1,268
1.0,0.0,5.0,f1,269
5.0,0.0,25.0,b1,269
1.0,0.0,5.0,f1,270
5.0,0.0,25.0,b1,270
1.0,0.0,5.0,f1,271
5.0,0.0,25.0,b1,271
1.0,0.0,5.0,f1,272
5.0,0.0,25.0,b1,272
1.0,0.0,5.0,f1,273
5.0,0.0,25.0,b1,273
1.0,0.0,5.0,f1,274
5.0,0.0,25.0,b1,274
1.0,0.0,5.0,f1,275
5.0,0.0,25.0,b1,275
1.0,0.0,5.0,f1,276
5.0,0.0,25.0,b1,276
1.0,0.0,5.0,f1,277
5.0,0.0,25.0,b1,277
1.0,0.0,5.0,f1,278
5.0,0.0,25.0,b1,278
1.0,0.0,5.0,f1,279
5.0,0.0,25.0,b1,279
1.0,0.0,5.0,f1,280
5.0,0.0,25.0,b1,280
1.0,0.0,5.0,f1,281
5.0,0.0,25.0,b1,281
1.0,0.0,5.0,f1,282
5.0,0.0,25.0,b1,282
1.0,0.0,5.0,f1,283
5.0,0.0,25.0,b1,283
1.0,0.0,5.0,f1,284
5.0,0.0,25.0,b1,284
1.0,0.0,5.0,f1,285
5.0,0.0,25.0,b1,285
1.0,0.0,5.0,f1,286
5.0,0.0,25.0,b1,286
1.0,0.0,5.0,f1,287
5.0,0.0,25.0,b1,287
1.0,0.0,5.0,f1,288
5.0,0.0,25.0,b1,288
1.0,0.0,5.0,f1,289
5.0,0.0,25.0,b1,289
1.0,0.0,5.0,f1,290
5.0,0.0,25.0,b1,290
1.0,0.0,5.0,f1,291
5.0,0.0,25.0,b1,291
1.0,0.0,5.0,f1,292
5.0,0.0,25.0,b1,292
1.0,0.0,5.0,f1,293
5.0,0.0,25.0,b1,293
1.0,0.0,5.0,f1,294
5.0,0.0,25.0,b1,294
1.0,0.0,5.0,f1,295
5.0,0.0,25.0,b1,295
1.0,0.0,5.0,f1,296
5.0,0.0,25.0,b1,296
1.0,0.0,5.0,f1,297
5.0,0.0,25.0,b1,297
1.0,0.0,5.0,f1,298
5.0,0.0,25.0,b1,298
1.0,0.0,5.0,f1,299
5.0,0.0,25.0,b1,299
1.0,0.0,5.0,f1,300
5.0,0.0,25.0,b1,300
1.0,0.0,5.0,f1,301
5.0,0.0,25.0,b1,301
1.0,0.0,5.0,f1,302
5.0,0.0,25.0,b1,302
1.0,0.0,5.0,f1,303
5.0,0.0,25.0,b1,303
1.0,0.0,5.0,f1,304
5.0,0.0,25.0,b1,304
1.0,0.0,5.0,f1,305
5.0,0.0,25.0,b1,305
1.0,0.0,5.0,f1,306
5.0,0.0,25.0,b1,306
1.0,0.0,5.0,f1,307
5.0,0.0,25.0,b1,307
1.0,0.0,5.0,f1,308
5.0,0.0,25.0,b1,308
1.0,0.0,5.0,f1,309
5.0,0.0,25.0,b1,309
1.0,0.0,5.0,f1,310
5.0,0.0,25.0,b1,310
1.0,0.0,5.0,f1,311
5.0,0.0,25.0,b1,311
1.0,0.0,5.0,f1,312
5.0,0.0,25.0,b1,312
1.0,0.0,5.0,f1,313
5.0,0.0,25.0,b1,313
1.0,0.0,5.0,f1,314
5.0,0.0,25.0,b1,314
1.0,0.0,5.0,f1,315
5.0,0.0,25.0,b1,315
1.0,0.0,5.0,f1,316
5.0,0.0,25.0,b1,316
1.0,0.0,5.0,f1,317
5.0,0.0,25.0,b1,317
1.0,0.0,5.0,f1,318
5.0,0.0,25.0,b1,318
1.0,0.0,5.0,f1,319
5.0,0.0,25.0,b1,319
1.0,0.0,5.0,f1,320
5.0,0.0,25.0,b1,320
1.0,0.0,5.0,f1,321
5.0,0.0,25.0,b1,321
1.0,0.0,5.0,f1,322
5.0,0.0,25.0,b1,322
1.0,0.0,5.0,f1,323
5.0,0.0,25.0,b1,323
1.0,0.0,5.0,f1,324
5.0,0.0,25.0,b1,324
1.0,0.0,5.0,f1,325
5.0,0.0,25.0,b1,325
1.0,0.0,5.0,f1,326
5.0,0.0,25.0,b1,326
1.0,0.0,5.0,f1,327
5.0,0.0,25.0,b1,327
1.0,0.0,5.0,f1,328
5.0,0.0,25.0,b1,328
1.0,0.0,5.0,f1,329
5.0,0.0,25.0,b1,329
1.0,0.0,5.0,f1,330
5.0,0.0,25.0,b1,330
1.0,0.0,5.0,f1,331
5.0,0.0,25.0,b1,331
1.0,0.0,5.0,f1,332
5.0,0.0,25.0,b1,332
1.0,0.0,5.0,f1,333
5.0,0.0,25.0,b1,333
1.0,0.0,5.0,f1,334
5.0,0.0,25.0,b1,334
1.0,0.0,5.0,f1,335
5.0,0.0,25.0,b1,335
1.0,0.0,5.0,f1,336
5.0,0.0,25.0,b1,336
1.0,0.0,5.0,f1,337
5.0,0.0,25.0,b1,337
1.0,0.0,5.0,f1,338
5.0,0.0,25.0,b1,338
1.0,0.0,5.0,f1,339
5.0,0.0,25.0,b1,339
1.0,0.0,5.0,f1,340
5.0,0.0,25.0,b1,340
1.0,0.0,5.0,f1,341
5.0,0.0,25.0,b1,341
1.0,0.0,5.0,f1,342
5.0,0.0,25.0,b1,342
1.0,0.0,5.0,f1,343
5.0,0.0,25.0,b1,343
1.0,0.0,5.0,f1,344
5.0,0.0,25.0,b1,344
1.0,0.0,5.0,f1,345
5.0,0.0,25.0,b1,345
1.0,0.0,5.0,f1,346
5.0,0.0,25.0,b1,346
1.0,0.0,5.0,f1,347
5.0,0.0,25.0,b1,347
1.0,0.0,5.0,f1,348
5.0,0.0,25.0,b1,348
1.0,0.0,5.0,f1,349
5.0,0.0,25.0,b1,349
1.0,0.0,5.0,f1,350
5.0,0.0,25.0,b1,350
1.0,0.0,5.0,f1,351
5.0,0.0,25.0,b1,351
1.0,0.0,5.0,f1,352
5.0,0.0,25.0,b1,352
1.0,0.0,5.0,f1,353
5.0,0.0,25.0,b1,353
1.0,0.0,5.0,f1,354
5.0,0.0,25.0,b1,354
1.0,0.0,5.0,f1,355
5.0,0.0,25.0,b1,355
1.0,0.0,5.0,f1,356
5.0,0.0,25.0,b1,356
1.0,0.0,5.0,f1,357
5.0,0.0,25.0,b1,357
1.0,0.0,5.0,f1,358
5.0,0.0,25.0,b1,358
1.0,0.0,5.0,f1,359
5.0,0.0,25.0,b1,359
1.0,0.0,5.0,f1,360
5.0,0.0,25.0,b1,360
1.0,0.0,5.0,f1,361
5.0,0.0,25.0,b1,361
1.0,0.0,5.0,f1,362
5.0,0.0,25.0,b1,362
1.0,0.0,5.0,f1,363
5.0,0.0,25.0,b1,363
1.0,0.0,5.0,f1,364
5.0,0.0,25.0,b1,364
1.0,0.0,5.0,f1,365
5.0,0.0,25.0,b1,365
1.0,0.0,5.0,f1,366
5.0,0.0,25.0,b1,366
1.0,0.0,5.0,f1,367
5.0,0.0,25.0,b1,367
1.0,0.0,5.0,f1,368
5.0,0.0,25.0,b1,368
1.0,0.0,5.0,f1,369
5.0,0.0,25.0,b1,369
1.0,0.0,5.0,f1,370
5.0,0.0,25.0,b1,370
1.0,0.0,5.0,f1,371
5.0,0.0,25.0,b1,371
1.0,0.0,5.0,f1,372
5.0,0.0,25.0,b1,372
1.0,0.0,5.0,f1,373
5.0,0.0,25.0,b1,373
1.0,0.0,5.0,f1,374
5.0,0.0,25.0,b1,374
1.0,0.0,5.0,f1,375
5.0,0.0,25.0,b1,375
1.0,0.0,5.0,f1,376
5.0,0.0,25.0,b1,376
1.0,0.0,5.0,f1,377
5.0,0.0,25.0,b1,377
1.0,0.0,5.0,f1,378
5.0,0.0,25.0,b1,378
1.0,0.0,5.0,f1,379
5.0,0.0,25.0,b1,379
1.0,0.0,5.0,f1,380
5.0,0.0,25.0,b1,380
1.0,0.0,5.0,f1,381
5.0,0.0,25.0,b1,381
1.0,0.0,5.0,f1,382
5.0,0.0,25.0,b1,382
1.0,0.0,5.0,f1,383
5.0,0.0,25.0,b1,383
1.0,0.0,5.0,f1,384
5.0,0.0,25.0,b1,384
1.0,0.0,5.0,f1,385
5.0,0.0,25.0,b1,385
1.0,0.0,5.0,f1,386
5.0,0.0,25.0,b1,386
1.0,0.0,5.0,f1,387
5.0,0.0,25.0,b1,387
1.0,0.0,5.0,f1,388
5.0,0.0,25.0,b1,388
1.0,0.0,5.0,f1,389
5.0,0.0,25.0,b1,389
1.0,0.0,5.0,f1,390
5.0,0.0,25.0,b1,390
1.0,0.0,5.0,f1,391
5.0,0.0,25.0,b1,391
1.0,0.0,5.0,f1,392
5.0,0.0,25.0,b1,392
1.0,0.0,5.0,f1,393
5.0,0.0,25.0,b1,393
1.0,0.0,5.0,f1,394
5.0,0.0,25.0,b1,394
1.0,0.0,5.0,f1,395
5.0,0.0,25.0,b1,395
1.0,0.0,5.0,f1,396
5.0,0.0,25.0,b1,396
1.0,0.0,5.0,f1,397
5.0,0.0,25.0,b1,397
1.0,0.0,5.0,f1,398
5.0,0.0,25.0,b1,398
1.0,0.0,5.0,f1,399
5.0,0.0,25.0,b1,399
1.0,0.0,5.0,f1,400
5.0,0.0,25.0,b1,400
1.0,0.0,5.0,f1,401
5.0,0.0,25.0,b1,401
1.0,0.0,5.0,f1,402
5.0,0.0,25.0,b1,402
1.0,0.0,5.0,f1,403
5.0,0.0,25.0,b1,403
1.0,0.0,5.0,f1,404
5.0,0.0,25.0,b1,404
1.0,0.0,5.0,f1,405
5.0,0.0,25.0,b1,405
1.0,0.0,5.0,f1,406
5.0,0.0,25.0,b1,406
1.0,0.0,5.0,f1,407
5.0,0.0,25.0,b1,407
1.0,0.0,5.0,f1,408
5.0,0.0,25.0,b1,408
1.0,0.0,5.0,f1,409
5.0,0.0,25.0,b1,409
1.0,0.0,5.0,f1,410
5.0,0.0,25.0,b1,410
1.0,0.0,5.0,f1,411
5.0,0.0,25.0,b1,411
1.0,0.0,5.0,f1,412
5.0,0.0,25.0,b1,412
1.0,0.0,5.0,f1,413
5.0,0.0,25.0,b1,413
1.0,0.0,5.0,f1,414
5.0,0.0,25.0,b1,414
1.0,0.0,5.0,f1,415
5.0,0.0,25.0,b1,415
1.0,0.0,5.0,f1,416
5.0,0.0,25.0,b1,416
1.0,0.0,5.0,f1,417
5.0,0.0,25.0,b1,417
1.0,0.0,5.0,f1,418
5.0,0.0,25.0,b1,418
1.0,0.0,5.0,f1,419
5.0,0.0,25.0,b1,419
1.0,0.0,5.0,f1,420
5.0,0.0,25.0,b1,420
1.0,0.0,5.0,f1,421
5.0,0.0,25.0,b1,421
1.0,0.0,5.0,f1,422
5.0,0.0,25.0,b1,422
1.0,0.0,5.0,f1,423
5.0,0.0,25.0,b1,423
1.0,0.0,5.0,f1,424
5.0,0.0,25.0,b1,424
1.0,0.0,5.0,f1,425
5.0,0.0,25.0,b1,425
1.0,0.0,5.0,f1,426
5.0,0.0,25.0,b1,426
1.0,0.0,5.0,f1,427
5.0,0.0,25.0,b1,427
1.0,0.0,5.0,f1,428
5.0,0.0,25.0,b1,428
1.0,0.0,5.0,f1,429
5.0,0.0,25.0,b1,429
1.0,0.0,5.0,f1,430
5.0,0.0,25.0,b1,430
1.0,0.0,5.0,f1,431
5.0,0.0,25.0,b1,431
1.0,0.0,5.0,f1,432
5.0,0.0,25.0,b1,432
1.0,0.0,5.0,f1,433
5.0,0.0,25.0,b1,433
1.0,0.0,5.0,f1,434
5.0,0.0,25.0,b1,434
1.0,0.0,5.0,f1,435
5.0,0.0,25.0,b1,435
1.0,0.0,5.0,f1,436
5.0,0.0,25.0,b1,436
1.0,0.0,5.0,f1,437
5.0,0.0,25.0,b1,437
1.0,0.0,5.0,f1,438
5.0,0.0,25.0,b1,438
1.0,0.0,5.0,f1,439
5.0,0.0,25.0,b1,439
1.0,0.0,5.0,f1,440
5.0,0.0,25.0,b1,440
1.0,0.0,5.0,f1,441
5.0,0.0,25.0,b1,441
1.0,0.0,5.0,f1,442
5.0,0.0,25.0,b1,442
1.0,0.0,5.0,f1,443
5.0,0.0,25.0,b1,443
1.0,0.0,5.0,f1,444
5.0,0.0,25.0,b1,444
1.0,0.0,5.0,f1,445
5.0,0.0,25.0,b1,445
1.0,0.0,5.0,f1,446
5.0,0.0,25.0,b1,446
1.0,0.0,5.0,f1,447
5.0,0.0,25.0,b1,447
1.0,0.0,5.0,f1,448
5.0,0.0,25.0,b1,448
1.0,0.0,5.0,f1,449
5.0,0.0,25.0,b1,449
1.0,0.0,5.0,f1,450
5.0,0.0,25.0,b1,450
1.0,0.0,5.0,f1,451
5.0,0.0,25.0,b1,451
1.0,0.0,5.0,f1,452
5.0,0.0,25.0,b1,452
1.0,0.0,5.0,f1,453
5.0,0.0,25.0,b1,453
1.0,0.0,5.0,f1,454
5.0,0.0,25.0,b1,454
1.0,0.0,5.0,f1,455
5.0,0.0,25.0,b1,455
1.0,0.0,5.0,f1,456
5.0,0.0,25.0,b1,456
1.0,0.0,5.0,f1,457
5.0,0.0,25.0,b1,457
1.0,0.0,5.0,f1,458
5.0,0.0,25.0,b1,458
1.0,0.0,5.0,f1,459
5.0,0.0,25.0,b1,459
1.0,0.0,5.0,f1,460
5.0,0.0,25.0,b1,460
1.0,0.0,5.0,f1,461
5.0,0.0,25.0,b1,461
1.0,0.0,5.0,f1,462
5.0,0.0,25.0,b1,462
1.0,0.0,5.0,f1,463
5.0,0.0,25.0,b1,463
1.0,0.0,5.0,f1,464
5.0,0.0,25.0,b1,464
1.0,0.0,5.0,f1,465
5.0,0.0,25.0,b1,465
1.0,0.0,5.0,f1,466
5.0,0.0,25.0,b1,466
1.0,0.0,5.0,f1,467
5.0,0.0,25.0,b1,467
1.0,0.0,5.0,f1,468
5.0,0.0,25.0,b1,468
1.0,0.0,5.0,f1,469
5.0,0.0,25.0,b1,469
1.0,0.0,5.0,f1,470
5.0,0.0,25.0,b1,470
1.0,0.0,5.0,f1,471
5.0,0.0,25.0,b1,471
1.0,0.0,5.0,f1,472
5.0,0.0,25.0,b1,472
1.0,0.0,5.0,f1,473
5.0,0.0,25.0,b1,473
1.0,0.0,5.0,f1,474
5.0,0.0,25.0,b1,474
1.0,0.0,5.0,f1,475
5.0,0.0,25.0,b1,475
1.0,0.0,5.0,f1,476
5.0,0.0,25.0,b1,476
1.0,0.0,5.0,f1,477
5.0,0.0,25.0,b1,477
1.0,0.0,5.0,f1,478
5.0,0.0,25.0,b1,478
1.0,0.0,5.0,f1,479
5.0,0.0,25.0,b1,479
1.0,0.0,5.0,f1,480
5.0,0.0,25.0,b1,480
1.0,0.0,5.0,f1,481
5.0,0.0,25.0,b1,481
1.0,0.0,5.0,f1,482
5.0,0.0,25.0,b1,482
1.0,0.0,5.0,f1,483
5.0,0.0,25.0,b1,483
1.0,0.0,5.0,f1,484
5.0,0.0,25.0,b1,484
1.0,0.0,5.0,f1,485
5.0,0.0,25.0,b1,485
1.0,0.0,5.0,f1,486
5.0,0.0,25.0,b1,486
1.0,0.0,5.0,f1,487
5.0,0.0,25.0,b1,487
1.0,0.0,5.0,f1,488
5.0,0.0,25.0,b1,488
1.0,0.0,5.0,f1,489
5.0,0.0,25.0,b1,489
1.0,0.0,5.0,f1,490
5.0,0.0,25.0,b1,490
1.0,0.0,5.0,f1,491
5.0,0.0,25.0,b1,491
1.0,0.0,5.0,f1,492
5.0,0.0,25.0,b1,492
1.0,0.0,5.0,f1,493
5.0,0.0,25.0,b1,493
1.0,0.0,5.0,f1,494
5.0,0.0,25.0,b1,494
1.0,0.0,5.0,f1,495
5.0,0.0,25.0,b1,495
1.0,0.0,5.0,f1,496
5.0,0.0,25.0,b1,496
1.0,0.0,5.0,f1,497
5.0,0.0,25.0,b1,497
1.0,0.0,5.0,f1,498
5.0,0.0,25.0,b1,498
1.0,0.0,5.0,f1,499
5.0,0.0,25.0,b1,499
1.0,0.0,5.0,f1,500
5.0,0.0,25.0,b1,500
1.0,0.0,5.0,f1,501
5.0,0.0,25.0,b1,501
1.0,0.0,5.0,f1,502
5.0,0.0,25.0,b1,502
1.0,0.0,5.0,f1,503
5.0,0.0,25.0,b1,503
1.0,0.0,5.0,f1,504
5.0,0.0,25.0,b1,504
1.0,0.0,5.0,f1,505
5.0,0.0,25.0,b1,505
1.0,0.0,5.0,f1,506
5.0,0.0,25.0,b1,506
1.0,0.0,5.0,f1,507
5.0,0.0,25.0,b1,507
1.0,0.0,5.0,f1,508
5.0,0.0,25.0,b1,508
1.0,0.0,5.0,f1,509
5.0,0.0,25.0,b1,509
1.0,0.0,5.0,f1,510
5.0,0.0,25.0,b1,510
1.0,0.0,5.0,f1,511
5.0,0.0,25.0,b1,511
1.0,0.0,5.0,f1,512
5.0,0.0,25.0,b1,512
1.0,0.0,5.0,f1,513
5.0,0.0,25.0,b1,513
1.0,0.0,5.0,f1,514
5.0,0.0,25.0,b1,514
1.0,0.0,5.0,f1,515
5.0,0.0,25.0,b1,515
1.0,0.0,5.0,f1,516
5.0,0.0,25.0,b1,516
1.0,0.0,5.0,f1,517
5.0,0.0,25.0,b1,517
1.0,0.0,5.0,f1,518
5.0,0.0,25.0,b1,518
1.0,0.0,5.0,f1,519
5.0,0.0,25.0,b1,519
1.0,0.0,5.0,f1,520
5.0,0.0,25.0,b1,520
1.0,0.0,5.0,f1,521
5.0,0.0,25.0,b1,521
1.0,0.0,5.0,f1,522
5.0,0.0,25.0,b1,522
1.0,0.0,5.0,f1,523
5.0,0.0,25.0,b1,523
1.0,0.0,5.0,f1,524
5.0,0.0,25.0,b1,524
1.0,0.0,5.0,f1,525
5.0,0.0,25.0,b1,525
1.0,0.0,5.0,f1,526
5.0,0.0,25.0,b1,526
1.0,0.0,5.0,f1,527
5.0,0.0,25.0,b1,527
1.0,0.0,5.0,f1,528
5.0,0.0,25.0,b1,528
1.0,0.0,5.0,f1,529
5.0,0.0,25.0,b1,529
1.0,0.0,5.0,f1,530
5.0,0.0,25.0,b1,530
1.0,0.0,5.0,f1,531
5.0,0.0,25.0,b1,531
1.0,0.0,5.0,f1,532
5.0,0.0,25.0,b1,532
1.0,0.0,5.0,f1,533
5.0,0.0,25.0,b1,533
1.0,0.0,5.0,f1,534
5.0,0.0,25.0,b1,534
1.0,0.0,5.0,f1,535
5.0,0.0,25.0,b1,535
1.0,0.0,5.0,f1,536
5.0,0.0,25.0,b1,536
1.0,0.0,5.0,f1,537
5.0,0.0,25.0,b1,537
1.0,0.0,5.0,f1,538
5.0,0.0,25.0,b1,538
1.0,0.0,5.0,f1,539
5.0,0.0,25.0,b1,539
1.0,0.0,5.0,f1,540
5.0,0.0,25.0,b1,540
1.0,0.0,5.0,f1,541
5.0,0.0,25.0,b1,541
1.0,0.0,5.0,f1,542
5.0,0.0,25.0,b1,542
1.0,0.0,5.0,f1,543
5.0,0.0,25.0,b1,543
1.0,0.0,5.0,f1,544
5.0,0.0,25.0,b1,544
1.0,0.0,5.0,f1,545
5.0,0.0,25.0,b1,545
1.0,0.0,5.0,f1,546
5.0,0.0,25.0,b1,546
1.0,0.0,5.0,f1,547
5.0,0.0,25.0,b1,547
1.0,0.0,5.0,f1,548
5.0,0.0,25.0,b1,548
1.0,0.0,5.0,f1,549
5.0,0.0,25.0,b1,549
1.0,0.0,5.0,f1,550
5.0,0.0,25.0,b1,550
1.0,0.0,5.0,f1,551
5.0,0.0,25.0,b1,551
1.0,0.0,5.0,f1,552
5.0,0.0,25.0,b1,552
1.0,0.0,5.0,f1,553
5.0,0.0,25.0,b1,553
1.0,0.0,5.0,f1,554
5.0,0.0,25.0,b1,554
1.0,0.0,5.0,f1,555
5.0,0.0,25.0,b1,555
1.0,0.0,5.0,f1,556
5.0,0.0,25.0,b1,556
1.0,0.0,5.0,f1,557
5.0,0.0,25.0,b1,557
1.0,0.0,5.0,f1,558
5.0,0.0,25.0,b1,558
1.0,0.0,5.0,f1,559
5.0,0.0,25.0,b1,559
1.0,0.0,5.0,f1,560
5.0,0.0,25.0,b1,560
1.0,0.0,5.0,f1,561
5.0,0.0,25.0,b1,561
1.0,0.0,5.0,f1,562
5.0,0.0,25.0,b1,562
1.0,0.0,5.0,f1,563
5.0,0.0,25.0,b1,563
