S,p_ch,p_dc,i,s,t,Time
0.0,0.0,57.4994717176289,0,f1,1,2020-01-01 00:00
24.9979157111951,0.0,0.0,0,b1,1,2020-01-01 00:00
0.0,-0.0,0.0,1,f1,1,2020-01-01 00:05
24.9958315961605,0.0,0.0,1,b1,1,2020-01-01 00:05
0.0,-0.0,0.0,2,f1,1,2020-01-01 00:10
24.9937476548819,0.0,0.0,2,b1,1,2020-01-01 00:10
0.0,-0.0,0.0,3,f1,1,2020-01-01 00:15
24.9916638873447,0.0,0.0,3,b1,1,2020-01-01 00:15
0.0,-0.0,0.0,4,f1,1,2020-01-01 00:20
24.9895802935344,0.0,0.0,4,b1,1,2020-01-01 00:20
3.95833333333333,50.0,0.0,5,f1,1,2020-01-01 00:25
24.9874968734366,0.0,0.0,5,b1,1,2020-01-01 00:25
0.0,0.0,45.5204151097895,6,f1,1,2020-01-01 00:30
21.686685909948,0.0,39.5847326050654,6,b1,1,2020-01-01 00:30
0.0,-0.0,0.0,7,f1,1,2020-01-01 00:35
21.6848778572817,0.0,0.0,7,b1,1,2020-01-01 00:35
0.0,-0.0,0.0,8,f1,1,2020-01-01 00:40
21.6830699553555,0.0,0.0,8,b1,1,2020-01-01 00:40
0.0,-0.0,0.0,9,f1,1,2020-01-01 00:45
21.6812622041569,0.0,0.0,9,b1,1,2020-01-01 00:45
0.0,-0.0,0.0,10,f1,1,2020-01-01 00:50
21.6794546036733,0.0,0.0,10,b1,1,2020-01-01 00:50
0.0,-0.0,0.0,11,f1,1,2020-01-01 00:55
21.6776471538922,0.0,0.0,11,b1,1,2020-01-01 00:55
0.0,-0.0,0.0,12,f1,1,2020-01-01 01:00
21.675839854801,0.0,0.0,12,b1,1,2020-01-01 01:00
0.0,-0.0,0.0,13,f1,1,2020-01-01 01:05
21.6740327063871,0.0,0.0,13,b1,1,2020-01-01 01:05
0.0,-0.0,0.0,14,f1,1,2020-01-01 01:10
21.672225708638,0.0,0.0,14,b1,1,2020-01-01 01:10
0.0,-0.0,0.0,15,f1,1,2020-01-01 01:15
21.6704188615411,0.0,0.0,15,b1,1,2020-01-01 01:15
3.95833333333333,50.0,0.0,16,f1,1,2020-01-01 01:20
23.3352788317505,50.0000000000001,0.0,16,b1,1,2020-01-01 01:20
7.75170125914913,50.0,0.0,17,f1,1,2020-01-01 01:25
25.0,50.0,0.0,17,b1,1,2020-01-01 01:25
0.0,0.0,89.1437454627907,18,f1,1,2020-01-01 01:30
16.6645823778617,0.0,100.0,18,b1,1,2020-01-01 01:30
0.0,-0.0,0.0,19,f1,1,2020-01-01 01:35
13.3484875558449,0.0,39.7764656390065,19,b1,1,2020-01-01 01:35
0.0,-0.0,0.0,20,f1,1,2020-01-01 01:40
11.681264962964,0.0,19.9933165050463,20,b1,1,2020-01-01 01:40
0.0,-0.0,0.0,21,f1,1,2020-01-01 01:45
10.0141813690186,0.0,19.9933165050462,21,b1,1,2020-01-01 01:45
0.0,-0.0,0.0,22,f1,1,2020-01-01 01:50
8.34723676241995,0.0,19.9933165050471,22,b1,1,2020-01-01 01:50
0.0,-0.0,0.0,23,f1,1,2020-01-01 01:55
6.68043113158063,0.0,19.9933165050465,23,b1,1,2020-01-01 01:55
0.0,-0.0,0.0,24,f1,1,2020-01-01 02:00
6.68043113158063,0.0167087373836861,0.0,24,b1,1,2020-01-01 02:00
0.0,-0.0,0.0,25,f1,1,2020-01-01 02:05
6.68043113158063,0.0167087373836861,0.0,25,b1,1,2020-01-01 02:05
0.0,-0.0,0.0,26,f1,1,2020-01-01 02:10
6.68043113158063,0.0167087373836861,0.0,26,b1,1,2020-01-01 02:10
0.0,-0.0,0.0,27,f1,1,2020-01-01 02:15
6.68043113158063,0.0167087373836861,0.0,27,b1,1,2020-01-01 02:15
0.0,-0.0,0.0,28,f1,1,2020-01-01 02:20
6.68043113158063,0.0167087373836861,0.0,28,b1,1,2020-01-01 02:20
0.0,-0.0,0.0,29,f1,1,2020-01-01 02:25
6.68043113158063,0.0167087373836861,0.0,29,b1,1,2020-01-01 02:25
0.0,-0.0,0.0,30,f1,1,2020-01-01 02:30
6.68043113158063,0.0167087373836861,0.0,30,b1,1,2020-01-01 02:30
0.0,-0.0,0.0,31,f1,1,2020-01-01 02:35
6.68043113158063,0.0167087373836861,0.0,31,b1,1,2020-01-01 02:35
0.0,-0.0,0.0,32,f1,1,2020-01-01 02:40
6.68043113158063,0.0167087373836861,0.0,32,b1,1,2020-01-01 02:40
0.0,-0.0,0.0,33,f1,1,2020-01-01 02:45
6.68043113158063,0.0167087373836861,0.0,33,b1,1,2020-01-01 02:45
0.0,-0.0,0.0,34,f1,1,2020-01-01 02:50
6.68043113158063,0.0167087373836861,0.0,34,b1,1,2020-01-01 02:50
0.0,-0.0,0.0,35,f1,1,2020-01-01 02:55
6.68043113158063,0.0167087373836861,0.0,35,b1,1,2020-01-01 02:55
0.0,-0.0,0.0,36,f1,1,2020-01-01 03:00
6.68043113158063,0.0167087373836861,0.0,36,b1,1,2020-01-01 03:00
0.0,-0.0,0.0,37,f1,1,2020-01-01 03:05
6.68043113158063,0.0167087373836861,0.0,37,b1,1,2020-01-01 03:05
0.0,-0.0,0.0,38,f1,1,2020-01-01 03:10
6.68043113158063,0.0167087373836861,0.0,38,b1,1,2020-01-01 03:10
0.0,-0.0,0.0,39,f1,1,2020-01-01 03:15
6.68043113158063,0.0167087373836861,0.0,39,b1,1,2020-01-01 03:15
0.0,-0.0,0.0,40,f1,1,2020-01-01 03:20
8.34654084033451,50.0,0.0,40,b1,1,2020-01-01 03:20
0.0,-0.0,0.0,41,f1,1,2020-01-01 03:25
10.0125116429358,50.0,0.0,41,b1,1,2020-01-01 03:25
0.0,-0.0,0.0,42,f1,1,2020-01-01 03:30
11.6783435509654,50.0,0.0,42,b1,1,2020-01-01 03:30
0.0,-0.0,0.0,43,f1,1,2020-01-01 03:35
13.3440365760031,50.0,0.0,43,b1,1,2020-01-01 03:35
0.0,-0.0,0.0,44,f1,1,2020-01-01 03:40
15.0095907296278,50.0,0.0,44,b1,1,2020-01-01 03:40
0.0,-0.0,0.0,45,f1,1,2020-01-01 03:45
16.6750060234175,50.0000000000001,0.0,45,b1,1,2020-01-01 03:45
2.66135624144644,33.6171314709024,0.0,46,f1,1,2020-01-01 03:50
18.3402824689491,50.0000000000001,0.0,46,b1,1,2020-01-01 03:50
6.50877629892641,50.0,0.0,47,f1,1,2020-01-01 03:55
20.0054200777986,50.0000000000001,0.0,47,b1,1,2020-01-01 03:55
10.1958533119415,50.0,0.0,48,f1,1,2020-01-01 04:00
21.670418861541,50.0,0.0,48,b1,1,2020-01-01 04:00
13.7292696524512,50.0,0.0,49,f1,1,2020-01-01 04:05
23.3352788317504,50.0000000000001,0.0,49,b1,1,2020-01-01 04:05
17.1154292014136,50.0,0.0,50,f1,1,2020-01-01 04:10
24.9999999999999,50.0,0.0,50,b1,1,2020-01-01 04:10
8.06880228836268,0.0,100.0,51,f1,1,2020-01-01 04:15
24.997915711195,0.0,0.0,51,b1,1,2020-01-01 04:15
11.6908644829142,50.0,0.0,52,f1,1,2020-01-01 04:20
26.6624982628271,50.0000000000001,0.0,52,b1,1,2020-01-01 04:20
11.2528510040835,0.621584958958998,0.0,53,f1,1,2020-01-01 04:25
28.3269420356281,50.0,0.0,53,b1,1,2020-01-01 04:25
14.7422164675332,50.0,0.0,54,f1,1,2020-01-01 04:30
29.9912470411682,50.0,0.0,54,b1,1,2020-01-01 04:30
18.0861609805015,50.0000000000001,0.0,55,f1,1,2020-01-01 04:35
31.6554132910167,50.0,0.0,55,b1,1,2020-01-01 04:35
21.2907450296471,50.0,0.0,56,f1,1,2020-01-01 04:40
33.3194407967418,50.0000000000002,0.0,56,b1,1,2020-01-01 04:40
24.3617765279907,50.0,0.0,57,f1,1,2020-01-01 04:45
34.9833295699109,50.0000000000001,0.0,57,b1,1,2020-01-01 04:45
27.3048213410399,50.0,0.0,58,f1,1,2020-01-01 04:50
36.6470796220903,50.0000000000001,0.0,58,b1,1,2020-01-01 04:50
30.1252133742339,50.0,0.0,59,f1,1,2020-01-01 04:55
38.3106909648454,50.0000000000001,0.0,59,b1,1,2020-01-01 04:55
32.8280642399883,50.0000000000001,0.0,60,f1,1,2020-01-01 05:00
39.9741636097406,50.0000000000001,0.0,60,b1,1,2020-01-01 05:00
35.4182725218619,50.0,0.0,61,f1,1,2020-01-01 05:05
41.6374975683393,49.9999999999999,0.0,61,b1,1,2020-01-01 05:05
25.6088659859678,0.0,100.0,62,f1,1,2020-01-01 05:10
41.6340261855374,0.0,0.0,62,b1,1,2020-01-01 05:10
24.5416044246784,0.0,0.0,63,f1,1,2020-01-01 05:15
41.6305550921501,0.0,0.0,63,b1,1,2020-01-01 05:15
27.4771548253672,50.0,0.0,64,f1,1,2020-01-01 05:20
41.6270842881532,0.0,0.0,64,b1,1,2020-01-01 05:20
30.2903647793685,50.0,0.0,65,f1,1,2020-01-01 05:25
41.6236137735226,0.0,0.0,65,b1,1,2020-01-01 05:25
32.986332882466,50.0000000000001,0.0,66,f1,1,2020-01-01 05:30
43.2868102149009,49.9999999999999,0.0,66,b1,1,2020-01-01 05:30
35.5699452440608,50.0000000000001,0.0,67,f1,1,2020-01-01 05:35
44.9498679930103,49.9999999999999,0.0,67,b1,1,2020-01-01 05:35
38.0458843426414,50.0000000000001,0.0,68,f1,1,2020-01-01 05:40
46.6127871194113,49.9999999999999,0.0,68,b1,1,2020-01-01 05:40
40.4186375121981,50.0,0.0,69,f1,1,2020-01-01 05:45
46.6089009389969,0.0,0.0,69,b1,1,2020-01-01 05:45
42.0627174372738,42.0447877344627,0.0,70,f1,1,2020-01-01 05:50
46.6050150825794,0.0,0.0,70,b1,1,2020-01-01 05:50
31.976400527519,0.0,100.0,71,f1,1,2020-01-01 05:55
46.6011295501318,0.0,0.0,71,b1,1,2020-01-01 05:55
34.6021022960609,50.0,0.0,72,f1,1,2020-01-01 06:00
48.2639110082937,49.9999999999999,0.0,72,b1,1,2020-01-01 06:00
37.1183767057143,50.0,0.0,73,f1,1,2020-01-01 06:05
48.2598871711178,0.0,0.0,73,b1,1,2020-01-01 06:05
27.2381175265752,0.0,100.0,74,f1,1,2020-01-01 06:10
48.2558636694155,0.0,0.0,74,b1,1,2020-01-01 06:10
17.7696228060127,0.0,100.0,75,f1,1,2020-01-01 06:15
43.3580778682828,0.0,58.7251516185112,75,b1,1,2020-01-01 06:15
8.69573206612101,0.0,100.0,76,f1,1,2020-01-01 06:20
35.0227986656859,0.0,99.9799724681361,76,b1,1,2020-01-01 06:20
6.02003165241776e-14,0.0,100.0,77,f1,1,2020-01-01 06:25
26.6865454272655,0.0,100.0,77,b1,1,2020-01-01 06:25
3.95833333333339,50.0,0.0,78,f1,1,2020-01-01 06:30
28.3509871952171,50.0,0.0,78,b1,1,2020-01-01 06:30
7.75170125914918,50.0,0.0,79,f1,1,2020-01-01 06:35
28.3486235294083,0.0,0.0,79,b1,1,2020-01-01 06:35
11.3869787885659,50.0,0.0,80,f1,1,2020-01-01 06:40
28.346260060662,0.0,0.0,80,b1,1,2020-01-01 06:40
14.8707544133731,50.0,0.0,81,f1,1,2020-01-01 06:45
28.3438967889617,0.0,0.0,81,b1,1,2020-01-01 06:45
12.282187825928,0.0,23.6258506511747,82,f1,1,2020-01-01 06:50
28.3415337142911,0.0,0.0,82,b1,1,2020-01-01 06:50
3.43698852545921,0.0,100.0,83,f1,1,2020-01-01 06:55
28.3391708366337,0.0,0.0,83,b1,1,2020-01-01 06:55
7.25208374189095,50.0,0.0,84,f1,1,2020-01-01 07:00
30.0034748226397,50.0000000000001,0.0,84,b1,1,2020-01-01 07:00
10.9081830668456,50.0,0.0,85,f1,1,2020-01-01 07:05
31.6676400530391,50.0000000000001,0.0,85,b1,1,2020-01-01 07:05
14.4119127290468,50.0,0.0,86,f1,1,2020-01-01 07:10
31.6649998727334,0.0,0.0,86,b1,1,2020-01-01 07:10
17.7696228060127,50.0,0.0,87,f1,1,2020-01-01 07:15
31.6623599125437,0.0,0.0,87,b1,1,2020-01-01 07:15
8.69573206612101,0.0,100.0,88,f1,1,2020-01-01 07:20
31.6597201724516,0.0,0.0,88,b1,1,2020-01-01 07:20
6.02003165241776e-14,0.0,100.0,89,f1,1,2020-01-01 07:25
23.3237473191053,0.0,100.0,89,b1,1,2020-01-01 07:25
3.95833333333339,50.0,0.0,90,f1,1,2020-01-01 07:30
24.9884694487549,50.0,0.0,90,b1,1,2020-01-01 07:30
7.75170125914918,50.0,0.0,91,f1,1,2020-01-01 07:35
24.9863861212699,0.0,0.0,91,b1,1,2020-01-01 07:35
11.3869787885659,50.0,0.0,92,f1,1,2020-01-01 07:40
24.9843029674752,0.0,0.0,92,b1,1,2020-01-01 07:40
14.8707544133731,50.0,0.0,93,f1,1,2020-01-01 07:45
24.9822199873562,0.0,0.0,93,b1,1,2020-01-01 07:45
18.2093420468592,50.0,0.0,94,f1,1,2020-01-01 07:50
24.9801371808985,0.0,0.0,94,b1,1,2020-01-01 07:50
21.4087924670002,50.0,0.0,95,f1,1,2020-01-01 07:55
24.9780545480876,0.0,0.0,95,b1,1,2020-01-01 07:55
20.5165709494144,0.0,0.0,96,f1,1,2020-01-01 08:00
24.9759720889091,0.0,0.0,96,b1,1,2020-01-01 08:00
11.3281998508097,0.0,100.0,97,f1,1,2020-01-01 08:05
24.9738898033484,0.0,0.0,97,b1,1,2020-01-01 08:05
2.522758448888,0.0,100.0,98,f1,1,2020-01-01 08:10
24.9718076913911,0.0,0.0,98,b1,1,2020-01-01 08:10
0.0,0.0,29.011455616449,99,f1,1,2020-01-01 08:15
24.9697257530227,0.0,0.0,99,b1,1,2020-01-01 08:15
0.0,-0.0,0.0,100,f1,1,2020-01-01 08:20
24.9676439882287,0.0,0.0,100,b1,1,2020-01-01 08:20
0.0,-0.0,0.0,101,f1,1,2020-01-01 08:25
24.9655623969947,0.0,0.0,101,b1,1,2020-01-01 08:25
0.0,-0.0,0.0,102,f1,1,2020-01-01 08:30
24.9634809793062,0.0,0.0,102,b1,1,2020-01-01 08:30
0.0,-0.0,0.0,103,f1,1,2020-01-01 08:35
24.9613997351487,0.0,0.0,103,b1,1,2020-01-01 08:35
0.0,-0.0,0.0,104,f1,1,2020-01-01 08:40
24.9593186645078,0.0,0.0,104,b1,1,2020-01-01 08:40
0.0,-0.0,0.0,105,f1,1,2020-01-01 08:45
24.9572377673689,0.0,0.0,105,b1,1,2020-01-01 08:45
0.0,-0.0,0.0,106,f1,1,2020-01-01 08:50
24.9551570437177,0.0,0.0,106,b1,1,2020-01-01 08:50
0.0,-0.0,0.0,107,f1,1,2020-01-01 08:55
24.9530764935396,0.0,0.0,107,b1,1,2020-01-01 08:55
0.0,-0.0,0.0,108,f1,1,2020-01-01 09:00
24.9509961168202,0.0,0.0,108,b1,1,2020-01-01 09:00
0.0,-0.0,0.0,109,f1,1,2020-01-01 09:05
24.9489159135451,0.0,0.0,109,b1,1,2020-01-01 09:05
0.0,-0.0,0.0,110,f1,1,2020-01-01 09:10
24.9468358836997,0.0,0.0,110,b1,1,2020-01-01 09:10
0.0,-0.0,0.0,111,f1,1,2020-01-01 09:15
20.0183509198759,0.0,59.116861288725,111,b1,1,2020-01-01 09:15
0.0,-0.0,0.0,112,f1,1,2020-01-01 09:20
20.0166819588873,0.0,0.0,112,b1,1,2020-01-01 09:20
0.0,-0.0,0.0,113,f1,1,2020-01-01 09:25
20.0150131370425,0.0,0.0,113,b1,1,2020-01-01 09:25
0.0,-0.0,0.0,114,f1,1,2020-01-01 09:30
20.01334445433,0.0,0.0,114,b1,1,2020-01-01 09:30
0.0,-0.0,0.0,115,f1,1,2020-01-01 09:35
20.0116759107382,0.0,0.0,115,b1,1,2020-01-01 09:35
0.0,-0.0,0.0,116,f1,1,2020-01-01 09:40
20.0100075062555,0.0,0.0,116,b1,1,2020-01-01 09:40
0.0,-0.0,0.0,117,f1,1,2020-01-01 09:45
20.0083392408702,0.0,0.0,117,b1,1,2020-01-01 09:45
0.0,-0.0,0.0,118,f1,1,2020-01-01 09:50
20.0066711145708,0.0,0.0,118,b1,1,2020-01-01 09:50
0.0,-0.0,0.0,119,f1,1,2020-01-01 09:55
20.0050031273457,0.0,0.0,119,b1,1,2020-01-01 09:55
0.0,-0.0,0.0,120,f1,1,2020-01-01 10:00
20.0033352791833,0.0,0.0,120,b1,1,2020-01-01 10:00
0.0,-0.0,0.0,121,f1,1,2020-01-01 10:05
20.0016675700719,0.0,0.0,121,b1,1,2020-01-01 10:05
0.0,-0.0,0.0,122,f1,1,2020-01-01 10:10
20.0,0.0,0.0,122,b1,1,2020-01-01 10:10
0.0,-0.0,0.0,123,f1,1,2020-01-01 10:15
19.9983325689561,0.0,0.0,123,b1,1,2020-01-01 10:15
0.0,-0.0,0.0,124,f1,1,2020-01-01 10:20
19.9966652769285,0.0,0.0,124,b1,1,2020-01-01 10:20
0.0,-0.0,0.0,125,f1,1,2020-01-01 10:25
20.0183509198759,0.700583879109757,0.0,125,b1,1,2020-01-01 10:25
0.0,-0.0,0.0,126,f1,1,2020-01-01 10:30
20.0183509198759,0.0500688296591534,0.0,126,b1,1,2020-01-01 10:30
0.0,-0.0,0.0,127,f1,1,2020-01-01 10:35
20.0166819588873,0.0,0.0,127,b1,1,2020-01-01 10:35
0.0,-0.0,0.0,128,f1,1,2020-01-01 10:40
20.0150131370425,0.0,0.0,128,b1,1,2020-01-01 10:40
0.0,-0.0,0.0,129,f1,1,2020-01-01 10:45
20.01334445433,0.0,0.0,129,b1,1,2020-01-01 10:45
0.0,-0.0,0.0,130,f1,1,2020-01-01 10:50
20.0116759107382,0.0,0.0,130,b1,1,2020-01-01 10:50
0.0,-0.0,0.0,131,f1,1,2020-01-01 10:55
20.0183509198759,0.250302408613869,0.0,131,b1,1,2020-01-01 10:55
1.02792388770649,12.9843017394504,0.0,132,f1,1,2020-01-01 11:00
20.0166819588873,0.0,0.0,132,b1,1,2020-01-01 11:00
4.94341800848424,50.0,0.0,133,f1,1,2020-01-01 11:05
20.0150131370425,0.0,0.0,133,b1,1,2020-01-01 11:05
8.69573206612095,50.0,0.0,134,f1,1,2020-01-01 11:10
20.0183509198759,0.15019396637701,0.0,134,b1,1,2020-01-01 11:10
-0.0,0.0,100.0,135,f1,1,2020-01-01 11:15
20.0166819588873,0.0,0.0,135,b1,1,2020-01-01 11:15
0.0,-0.0,0.0,136,f1,1,2020-01-01 11:20
20.0150131370425,0.0,0.0,136,b1,1,2020-01-01 11:20
0.0,-0.0,0.0,137,f1,1,2020-01-01 11:25
20.0183509198759,0.15019396637701,0.0,137,b1,1,2020-01-01 11:25
0.0,-0.0,0.0,138,f1,1,2020-01-01 11:30
20.0166819588873,0.0,0.0,138,b1,1,2020-01-01 11:30
0.0,-0.0,0.0,139,f1,1,2020-01-01 11:35
20.0150131370425,0.0,0.0,139,b1,1,2020-01-01 11:35
0.0,-0.0,0.0,140,f1,1,2020-01-01 11:40
20.01334445433,0.0,0.0,140,b1,1,2020-01-01 11:40
0.0,-0.0,0.0,141,f1,1,2020-01-01 11:45
20.0116759107382,0.0,0.0,141,b1,1,2020-01-01 11:45
0.0,-0.0,0.0,142,f1,1,2020-01-01 11:50
20.0100075062555,0.0,0.0,142,b1,1,2020-01-01 11:50
0.0,-0.0,0.0,143,f1,1,2020-01-01 11:55
20.0083392408702,0.0,0.0,143,b1,1,2020-01-01 11:55
0.0,-0.0,0.0,144,f1,1,2020-01-01 12:00
20.0066711145708,0.0,0.0,144,b1,1,2020-01-01 12:00
0.0,-0.0,0.0,145,f1,1,2020-01-01 12:05
20.0050031273457,0.0,0.0,145,b1,1,2020-01-01 12:05
0.0,-0.0,0.0,146,f1,1,2020-01-01 12:10
20.0033352791833,0.0,0.0,146,b1,1,2020-01-01 12:10
0.0,-0.0,0.0,147,f1,1,2020-01-01 12:15
20.0016675700719,0.0,0.0,147,b1,1,2020-01-01 12:15
0.0,-0.0,0.0,148,f1,1,2020-01-01 12:20
20.0,0.0,0.0,148,b1,1,2020-01-01 12:20
0.0,-0.0,0.0,149,f1,1,2020-01-01 12:25
19.9983325689561,0.0,0.0,149,b1,1,2020-01-01 12:25
0.0,-0.0,0.0,150,f1,1,2020-01-01 12:30
19.9966652769285,0.0,0.0,150,b1,1,2020-01-01 12:30
3.95833333333333,50.0,0.0,151,f1,1,2020-01-01 12:35
19.9949981239056,0.0,0.0,151,b1,1,2020-01-01 12:35
0.0,0.0,45.5204151097895,152,f1,1,2020-01-01 12:40
19.9933311098758,0.0,0.0,152,b1,1,2020-01-01 12:40
0.0,-0.0,0.0,153,f1,1,2020-01-01 12:45
19.9916642348276,0.0,0.0,153,b1,1,2020-01-01 12:45
0.0,-0.0,0.0,154,f1,1,2020-01-01 12:50
19.9899974987493,0.0,0.0,154,b1,1,2020-01-01 12:50
0.0,-0.0,0.0,155,f1,1,2020-01-01 12:55
19.9883309016294,0.0,0.0,155,b1,1,2020-01-01 12:55
0.0,-0.0,0.0,156,f1,1,2020-01-01 13:00
19.9866644434563,0.0,0.0,156,b1,1,2020-01-01 13:00
0.0,-0.0,0.0,157,f1,1,2020-01-01 13:05
19.9849981242184,0.0,0.0,157,b1,1,2020-01-01 13:05
0.0,-0.0,0.0,158,f1,1,2020-01-01 13:10
19.9833319439041,0.0,0.0,158,b1,1,2020-01-01 13:10
1.02792388770649,12.9843017394504,0.0,159,f1,1,2020-01-01 13:15
19.9816659025019,0.0,0.0,159,b1,1,2020-01-01 13:15
4.94341800848424,50.0,0.0,160,f1,1,2020-01-01 13:20
19.9800000000001,0.0,0.0,160,b1,1,2020-01-01 13:20
8.69573206612095,50.0,0.0,161,f1,1,2020-01-01 13:25
19.9783342363872,0.0,0.0,161,b1,1,2020-01-01 13:25
-0.0,0.0,100.0,162,f1,1,2020-01-01 13:30
19.9766686116516,0.0,0.0,162,b1,1,2020-01-01 13:30
0.0,-0.0,0.0,163,f1,1,2020-01-01 13:35
19.9750031257817,0.0,0.0,163,b1,1,2020-01-01 13:35
0.0,-0.0,0.0,164,f1,1,2020-01-01 13:40
19.973337778766,0.0,0.0,164,b1,1,2020-01-01 13:40
3.95833333333333,50.0,0.0,165,f1,1,2020-01-01 13:45
19.9716725705928,0.0,0.0,165,b1,1,2020-01-01 13:45
0.0,0.0,45.5204151097895,166,f1,1,2020-01-01 13:50
19.9700075012506,0.0,0.0,166,b1,1,2020-01-01 13:50
0.0,-0.0,0.0,167,f1,1,2020-01-01 13:55
19.9683425707278,0.0,0.0,167,b1,1,2020-01-01 13:55
0.0,-0.0,0.0,168,f1,1,2020-01-01 14:00
19.9666777790129,0.0,0.0,168,b1,1,2020-01-01 14:00
0.0,-0.0,0.0,169,f1,1,2020-01-01 14:05
19.9650131260942,0.0,0.0,169,b1,1,2020-01-01 14:05
0.0,-0.0,0.0,170,f1,1,2020-01-01 14:10
19.9633486119602,0.0,0.0,170,b1,1,2020-01-01 14:10
0.0,-0.0,0.0,171,f1,1,2020-01-01 14:15
19.9616842365994,0.0,0.0,171,b1,1,2020-01-01 14:15
3.95833333333333,50.0,0.0,172,f1,1,2020-01-01 14:20
20.0183509198759,1.74992759627379,0.0,172,b1,1,2020-01-01 14:20
7.75170125914913,50.0,0.0,173,f1,1,2020-01-01 14:25
20.0183509198759,0.0500688296591534,0.0,173,b1,1,2020-01-01 14:25
11.3869787885659,50.0,0.0,174,f1,1,2020-01-01 14:30
20.0166819588873,0.0,0.0,174,b1,1,2020-01-01 14:30
14.8707544133731,50.0,0.0,175,f1,1,2020-01-01 14:35
20.0183509198759,0.100133485001095,0.0,175,b1,1,2020-01-01 14:35
14.2510087135259,0.0,0.0,176,f1,1,2020-01-01 14:40
20.0183509198759,0.0500688296591534,0.0,176,b1,1,2020-01-01 14:40
5.32375787451775,0.0,100.0,177,f1,1,2020-01-01 14:45
20.0183509198759,0.0500688296591534,0.0,177,b1,1,2020-01-01 14:45
0.0,0.0,61.2226530674675,178,f1,1,2020-01-01 14:50
20.0166819588873,0.0,0.0,178,b1,1,2020-01-01 14:50
0.0,-0.0,0.0,179,f1,1,2020-01-01 14:55
20.0150131370425,0.0,0.0,179,b1,1,2020-01-01 14:55
0.0,-0.0,0.0,180,f1,1,2020-01-01 15:00
20.0183509198759,0.15019396637701,0.0,180,b1,1,2020-01-01 15:00
0.0,-0.0,0.0,181,f1,1,2020-01-01 15:05
20.0166819588873,0.0,0.0,181,b1,1,2020-01-01 15:05
0.0,-0.0,0.0,182,f1,1,2020-01-01 15:10
20.0150131370425,0.0,0.0,182,b1,1,2020-01-01 15:10
0.0,-0.0,0.0,183,f1,1,2020-01-01 15:15
20.01334445433,0.0,0.0,183,b1,1,2020-01-01 15:15
0.0,-0.0,0.0,184,f1,1,2020-01-01 15:20
20.0116759107382,0.0,0.0,184,b1,1,2020-01-01 15:20
0.0,-0.0,0.0,185,f1,1,2020-01-01 15:25
20.0100075062555,0.0,0.0,185,b1,1,2020-01-01 15:25
0.0,-0.0,0.0,186,f1,1,2020-01-01 15:30
20.0083392408702,0.0,0.0,186,b1,1,2020-01-01 15:30
0.0,-0.0,0.0,187,f1,1,2020-01-01 15:35
20.0066711145708,0.0,0.0,187,b1,1,2020-01-01 15:35
0.0,-0.0,0.0,188,f1,1,2020-01-01 15:40
20.0050031273457,0.0,0.0,188,b1,1,2020-01-01 15:40
0.0,-0.0,0.0,189,f1,1,2020-01-01 15:45
20.0033352791833,0.0,0.0,189,b1,1,2020-01-01 15:45
0.0,-0.0,0.0,190,f1,1,2020-01-01 15:50
20.0016675700719,0.0,0.0,190,b1,1,2020-01-01 15:50
0.0,-0.0,0.0,191,f1,1,2020-01-01 15:55
20.0,0.0,0.0,191,b1,1,2020-01-01 15:55
0.0,-0.0,0.0,192,f1,1,2020-01-01 16:00
19.9983325689561,0.0,0.0,192,b1,1,2020-01-01 16:00
0.0,-0.0,0.0,193,f1,1,2020-01-01 16:05
20.0183509198759,0.650569288423384,0.0,193,b1,1,2020-01-01 16:05
0.0,-0.0,0.0,194,f1,1,2020-01-01 16:10
20.0183509198759,0.0500688296591534,0.0,194,b1,1,2020-01-01 16:10
3.95833333333333,50.0,0.0,195,f1,1,2020-01-01 16:15
20.0183509198759,0.0500688296591534,0.0,195,b1,1,2020-01-01 16:15
0.0,0.0,45.5204151097895,196,f1,1,2020-01-01 16:20
20.0166819588873,0.0,0.0,196,b1,1,2020-01-01 16:20
0.0,-0.0,0.0,197,f1,1,2020-01-01 16:25
20.0150131370425,0.0,0.0,197,b1,1,2020-01-01 16:25
0.0,-0.0,0.0,198,f1,1,2020-01-01 16:30
20.01334445433,0.0,0.0,198,b1,1,2020-01-01 16:30
0.0,-0.0,0.0,199,f1,1,2020-01-01 16:35
20.0116759107382,0.0,0.0,199,b1,1,2020-01-01 16:35
0.0,-0.0,0.0,200,f1,1,2020-01-01 16:40
20.0100075062555,0.0,0.0,200,b1,1,2020-01-01 16:40
0.0,-0.0,0.0,201,f1,1,2020-01-01 16:45
20.0083392408702,0.0,0.0,201,b1,1,2020-01-01 16:45
0.0,-0.0,0.0,202,f1,1,2020-01-01 16:50
20.0066711145708,0.0,0.0,202,b1,1,2020-01-01 16:50
0.0,-0.0,0.0,203,f1,1,2020-01-01 16:55
20.0050031273457,0.0,0.0,203,b1,1,2020-01-01 16:55
0.0,-0.0,0.0,204,f1,1,2020-01-01 17:00
20.0033352791833,0.0,0.0,204,b1,1,2020-01-01 17:00
0.0,-0.0,0.0,205,f1,1,2020-01-01 17:05
20.0016675700719,0.0,0.0,205,b1,1,2020-01-01 17:05
0.0,-0.0,0.0,206,f1,1,2020-01-01 17:10
20.0,0.0,0.0,206,b1,1,2020-01-01 17:10
0.0,-0.0,0.0,207,f1,1,2020-01-01 17:15
19.9983325689561,0.0,0.0,207,b1,1,2020-01-01 17:15
0.0,-0.0,0.0,208,f1,1,2020-01-01 17:20
19.9966652769285,0.0,0.0,208,b1,1,2020-01-01 17:20
0.0,-0.0,0.0,209,f1,1,2020-01-01 17:25
19.9949981239056,0.0,0.0,209,b1,1,2020-01-01 17:25
3.95833333333333,50.0,0.0,210,f1,1,2020-01-01 17:30
19.9933311098758,0.0,0.0,210,b1,1,2020-01-01 17:30
7.75170125914913,50.0,0.0,211,f1,1,2020-01-01 17:35
19.9916642348276,0.0,0.0,211,b1,1,2020-01-01 17:35
0.0,0.0,89.1437454627907,212,f1,1,2020-01-01 17:40
19.9899974987493,0.0,0.0,212,b1,1,2020-01-01 17:40
0.0,-0.0,0.0,213,f1,1,2020-01-01 17:45
19.9883309016294,0.0,0.0,213,b1,1,2020-01-01 17:45
0.0,-0.0,0.0,214,f1,1,2020-01-01 17:50
19.9866644434563,0.0,0.0,214,b1,1,2020-01-01 17:50
0.0,-0.0,0.0,215,f1,1,2020-01-01 17:55
19.9849981242184,0.0,0.0,215,b1,1,2020-01-01 17:55
0.0,-0.0,0.0,216,f1,1,2020-01-01 18:00
19.9833319439041,0.0,0.0,216,b1,1,2020-01-01 18:00
0.0,-0.0,0.0,217,f1,1,2020-01-01 18:05
19.9816659025019,0.0,0.0,217,b1,1,2020-01-01 18:05
0.0,-0.0,0.0,218,f1,1,2020-01-01 18:10
19.9800000000001,0.0,0.0,218,b1,1,2020-01-01 18:10
0.0,-0.0,0.0,219,f1,1,2020-01-01 18:15
19.9783342363872,0.0,0.0,219,b1,1,2020-01-01 18:15
0.0,-0.0,0.0,220,f1,1,2020-01-01 18:20
19.9766686116516,0.0,0.0,220,b1,1,2020-01-01 18:20
0.0,-0.0,0.0,221,f1,1,2020-01-01 18:25
19.9750031257817,0.0,0.0,221,b1,1,2020-01-01 18:25
0.0,-0.0,0.0,222,f1,1,2020-01-01 18:30
19.973337778766,0.0,0.0,222,b1,1,2020-01-01 18:30
0.0,-0.0,0.0,223,f1,1,2020-01-01 18:35
19.9716725705928,0.0,0.0,223,b1,1,2020-01-01 18:35
0.0,-0.0,0.0,224,f1,1,2020-01-01 18:40
19.9700075012506,0.0,0.0,224,b1,1,2020-01-01 18:40
0.0,-0.0,0.0,225,f1,1,2020-01-01 18:45
19.9683425707278,0.0,0.0,225,b1,1,2020-01-01 18:45
0.0,-0.0,0.0,226,f1,1,2020-01-01 18:50
19.9666777790129,0.0,0.0,226,b1,1,2020-01-01 18:50
0.0,-0.0,0.0,227,f1,1,2020-01-01 18:55
19.9650131260942,0.0,0.0,227,b1,1,2020-01-01 18:55
0.0,-0.0,0.0,228,f1,1,2020-01-01 19:00
19.9633486119602,0.0,0.0,228,b1,1,2020-01-01 19:00
0.0,-0.0,0.0,229,f1,1,2020-01-01 19:05
19.9616842365994,0.0,0.0,229,b1,1,2020-01-01 19:05
0.0,-0.0,0.0,230,f1,1,2020-01-01 19:10
19.9600200000001,0.0,0.0,230,b1,1,2020-01-01 19:10
0.0,-0.0,0.0,231,f1,1,2020-01-01 19:15
19.9583559021508,0.0,0.0,231,b1,1,2020-01-01 19:15
3.78897716665762,47.860764210412,0.0,232,f1,1,2020-01-01 19:20
19.9566919430399,0.0,0.0,232,b1,1,2020-01-01 19:20
7.52562629178782,49.1943983314312,0.0,233,f1,1,2020-01-01 19:25
19.9550281226559,0.0,0.0,233,b1,1,2020-01-01 19:25
11.170325602035,50.0,0.0,234,f1,1,2020-01-01 19:30
19.9533644409872,0.0,0.0,234,b1,1,2020-01-01 19:30
14.6631303505153,50.0,0.0,235,f1,1,2020-01-01 19:35
19.9517008980222,0.0,0.0,235,b1,1,2020-01-01 19:35
18.0103708146893,50.0,0.0,236,f1,1,2020-01-01 19:40
19.9500374937493,0.0,0.0,236,b1,1,2020-01-01 19:40
21.2181134547206,50.0,0.0,237,f1,1,2020-01-01 19:45
19.948374228157,0.0,0.0,237,b1,1,2020-01-01 19:45
24.2921719081858,50.0,0.0,238,f1,1,2020-01-01 19:50
19.9467111012338,0.0,0.0,238,b1,1,2020-01-01 19:50
27.2381175265751,50.0,0.0,239,f1,1,2020-01-01 19:55
20.0183509198759,2.19908420723574,0.0,239,b1,1,2020-01-01 19:55
17.7696228060126,0.0,100.0,240,f1,1,2020-01-01 20:00
20.0166819588873,0.0,0.0,240,b1,1,2020-01-01 20:00
8.69573206612091,0.0,100.0,241,f1,1,2020-01-01 20:05
20.0150131370425,0.0,0.0,241,b1,1,2020-01-01 20:05
-3.64850403176834e-14,0.0,100.0,242,f1,1,2020-01-01 20:10
20.01334445433,0.0,0.0,242,b1,1,2020-01-01 20:10
0.0,4.41656956602776e-13,0.0,243,f1,1,2020-01-01 20:15
20.0116759107382,0.0,0.0,243,b1,1,2020-01-01 20:15
0.0,-0.0,0.0,244,f1,1,2020-01-01 20:20
20.0100075062555,0.0,0.0,244,b1,1,2020-01-01 20:20
0.0,-0.0,0.0,245,f1,1,2020-01-01 20:25
20.0083392408702,0.0,0.0,245,b1,1,2020-01-01 20:25
0.0,-0.0,0.0,246,f1,1,2020-01-01 20:30
20.0066711145708,0.0,0.0,246,b1,1,2020-01-01 20:30
0.0,-0.0,0.0,247,f1,1,2020-01-01 20:35
20.0183509198759,0.400433775907203,0.0,247,b1,1,2020-01-01 20:35
0.0,-0.0,0.0,248,f1,1,2020-01-01 20:40
20.0166819588873,0.0,0.0,248,b1,1,2020-01-01 20:40
0.0,-0.0,0.0,249,f1,1,2020-01-01 20:45
20.0183509198759,0.100133485001095,0.0,249,b1,1,2020-01-01 20:45
3.95833333333333,50.0,0.0,250,f1,1,2020-01-01 20:50
20.0166819588873,0.0,0.0,250,b1,1,2020-01-01 20:50
7.75170125914913,50.0,0.0,251,f1,1,2020-01-01 20:55
20.0150131370425,0.0,0.0,251,b1,1,2020-01-01 20:55
0.0,0.0,89.1437454627907,252,f1,1,2020-01-01 21:00
20.01334445433,0.0,0.0,252,b1,1,2020-01-01 21:00
0.0,-0.0,0.0,253,f1,1,2020-01-01 21:05
20.0116759107382,0.0,0.0,253,b1,1,2020-01-01 21:05
0.0,-0.0,0.0,254,f1,1,2020-01-01 21:10
20.0100075062555,0.0,0.0,254,b1,1,2020-01-01 21:10
0.0,-0.0,0.0,255,f1,1,2020-01-01 21:15
20.0083392408702,0.0,0.0,255,b1,1,2020-01-01 21:15
0.0,-0.0,0.0,256,f1,1,2020-01-01 21:20
20.0066711145708,0.0,0.0,256,b1,1,2020-01-01 21:20
3.95833333333333,50.0,0.0,257,f1,1,2020-01-01 21:25
20.0050031273457,0.0,0.0,257,b1,1,2020-01-01 21:25
0.0,0.0,45.5204151097895,258,f1,1,2020-01-01 21:30
20.0033352791833,0.0,0.0,258,b1,1,2020-01-01 21:30
0.0,-0.0,0.0,259,f1,1,2020-01-01 21:35
20.0016675700719,0.0,0.0,259,b1,1,2020-01-01 21:35
0.0,-0.0,0.0,260,f1,1,2020-01-01 21:40
20.0,0.0,0.0,260,b1,1,2020-01-01 21:40
1.02792388770649,12.9843017394504,0.0,261,f1,1,2020-01-01 21:45
19.9983325689561,0.0,0.0,261,b1,1,2020-01-01 21:45
4.94341800848424,50.0,0.0,262,f1,1,2020-01-01 21:50
19.9966652769285,0.0,0.0,262,b1,1,2020-01-01 21:50
8.69573206612095,50.0,0.0,263,f1,1,2020-01-01 21:55
19.9949981239056,0.0,0.0,263,b1,1,2020-01-01 21:55
3.64850403176834e-15,0.0,100.0,264,f1,1,2020-01-01 22:00
19.9933311098758,0.0,0.0,264,b1,1,2020-01-01 22:00
0.0,-4.41656956602776e-14,0.0,265,f1,1,2020-01-01 22:05
19.9916642348276,0.0,0.0,265,b1,1,2020-01-01 22:05
0.0,-0.0,0.0,266,f1,1,2020-01-01 22:10
19.9899974987493,0.0,0.0,266,b1,1,2020-01-01 22:10
0.0,-0.0,0.0,267,f1,1,2020-01-01 22:15
19.9883309016294,0.0,0.0,267,b1,1,2020-01-01 22:15
0.0,-0.0,0.0,268,f1,1,2020-01-01 22:20
19.9866644434563,0.0,0.0,268,b1,1,2020-01-01 22:20
0.0,-0.0,0.0,269,f1,1,2020-01-01 22:25
19.9849981242184,0.0,0.0,269,b1,1,2020-01-01 22:25
0.0,-0.0,0.0,270,f1,1,2020-01-01 22:30
19.9833319439041,0.0,0.0,270,b1,1,2020-01-01 22:30
0.0,-0.0,0.0,271,f1,1,2020-01-01 22:35
19.9816659025019,0.0,0.0,271,b1,1,2020-01-01 22:35
3.95833333333333,50.0,0.0,272,f1,1,2020-01-01 22:40
19.9800000000001,0.0,0.0,272,b1,1,2020-01-01 22:40
7.75170125914913,50.0,0.0,273,f1,1,2020-01-01 22:45
19.9783342363872,0.0,0.0,273,b1,1,2020-01-01 22:45
11.3869787885659,50.0,0.0,274,f1,1,2020-01-01 22:50
19.9766686116516,0.0,0.0,274,b1,1,2020-01-01 22:50
14.8707544133731,50.0,0.0,275,f1,1,2020-01-01 22:55
20.0183509198759,1.30043382282597,0.0,275,b1,1,2020-01-01 22:55
5.91767538019252,0.0,100.0,276,f1,1,2020-01-01 23:00
20.0166819588873,0.0,0.0,276,b1,1,2020-01-01 23:00
0.0,0.0,68.0526416314977,277,f1,1,2020-01-01 23:05
20.0150131370425,0.0,0.0,277,b1,1,2020-01-01 23:05
0.0,-0.0,0.0,278,f1,1,2020-01-01 23:10
20.01334445433,0.0,0.0,278,b1,1,2020-01-01 23:10
0.0,-0.0,0.0,279,f1,1,2020-01-01 23:15
20.0116759107382,0.0,0.0,279,b1,1,2020-01-01 23:15
3.95833333333333,50.0,0.0,280,f1,1,2020-01-01 23:20
20.0100075062555,0.0,0.0,280,b1,1,2020-01-01 23:20
7.75170125914913,50.0,0.0,281,f1,1,2020-01-01 23:25
21.6750059075369,50.0000000000001,0.0,281,b1,1,2020-01-01 23:25
3.58645575980702,0.0,46.1062763451064,282,f1,1,2020-01-01 23:30
21.6731988286505,0.0,0.0,282,b1,1,2020-01-01 23:30
3.43698852545919,4.48763833111642e-14,0.0,283,f1,1,2020-01-01 23:35
21.6713919004231,0.0,0.0,283,b1,1,2020-01-01 23:35
7.25208374189093,50.0,0.0,284,f1,1,2020-01-01 23:40
21.6695851228421,0.0,0.0,284,b1,1,2020-01-01 23:40
10.9081830668456,50.0,0.0,285,f1,1,2020-01-01 23:45
21.6677784958949,0.0,0.0,285,b1,1,2020-01-01 23:45
14.4119127290468,50.0,0.0,286,f1,1,2020-01-01 23:50
23.3326386862357,50.0000000000001,0.0,286,b1,1,2020-01-01 23:50
17.7696228060127,50.0,0.0,287,f1,1,2020-01-01 23:55
24.9973600745982,50.0000000000001,0.0,287,b1,1,2020-01-01 23:55
8.69573206612101,0.0,100.0,288,f1,1,2020-01-02 00:00
20.0183509198759,0.0,59.7231010321443,288,b1,1,2020-01-02 00:00
8.33333333333339,0.0,0.0,289,f1,1,2020-01-02 00:05
20.0166819588873,0.0,0.0,289,b1,1,2020-01-02 00:05
11.944371071893,50.0,0.0,290,f1,1,2020-01-02 00:10
20.0150131370425,0.0,0.0,290,b1,1,2020-01-02 00:10
15.4049171105529,50.0,0.0,291,f1,1,2020-01-02 00:15
20.01334445433,0.0,0.0,291,b1,1,2020-01-02 00:15
18.7212432618442,50.0,0.0,292,f1,1,2020-01-02 00:20
20.0116759107382,0.0,0.0,292,b1,1,2020-01-02 00:20
21.8993599575543,50.0,0.0,293,f1,1,2020-01-02 00:25
20.0183509198759,0.250302408613869,0.0,293,b1,1,2020-01-02 00:25
12.6533604752261,0.0,100.0,294,f1,1,2020-01-02 00:30
20.0166819588873,0.0,0.0,294,b1,1,2020-01-02 00:30
3.7926923796371,0.0,100.0,295,f1,1,2020-01-02 00:35
20.0150131370425,0.0,0.0,295,b1,1,2020-01-02 00:35
0.0,0.0,43.615561643322,296,f1,1,2020-01-02 00:40
20.01334445433,0.0,0.0,296,b1,1,2020-01-02 00:40
0.0,-0.0,0.0,297,f1,1,2020-01-02 00:45
20.0116759107382,0.0,0.0,297,b1,1,2020-01-02 00:45
3.95833333333333,50.0,0.0,298,f1,1,2020-01-02 00:50
20.0100075062555,0.0,0.0,298,b1,1,2020-01-02 00:50
7.75170125914913,50.0,0.0,299,f1,1,2020-01-02 00:55
20.0183509198759,0.30035037017079,0.0,299,b1,1,2020-01-02 00:55
0.0,0.0,89.1437454627907,300,f1,1,2020-01-02 01:00
20.0166819588873,0.0,0.0,300,b1,1,2020-01-02 01:00
0.0,-0.0,0.0,301,f1,1,2020-01-02 01:05
20.0150131370425,0.0,0.0,301,b1,1,2020-01-02 01:05
0.0,-0.0,0.0,302,f1,1,2020-01-02 01:10
20.01334445433,0.0,0.0,302,b1,1,2020-01-02 01:10
0.0,-0.0,0.0,303,f1,1,2020-01-02 01:15
20.0116759107382,0.0,0.0,303,b1,1,2020-01-02 01:15
0.0,-0.0,0.0,304,f1,1,2020-01-02 01:20
20.0100075062555,0.0,0.0,304,b1,1,2020-01-02 01:20
0.0,-0.0,0.0,305,f1,1,2020-01-02 01:25
20.0083392408702,0.0,0.0,305,b1,1,2020-01-02 01:25
0.0,-0.0,0.0,306,f1,1,2020-01-02 01:30
20.0066711145708,0.0,0.0,306,b1,1,2020-01-02 01:30
0.0,-0.0,0.0,307,f1,1,2020-01-02 01:35
20.0050031273457,0.0,0.0,307,b1,1,2020-01-02 01:35
0.0,-0.0,0.0,308,f1,1,2020-01-02 01:40
20.0033352791833,0.0,0.0,308,b1,1,2020-01-02 01:40
0.0,-0.0,0.0,309,f1,1,2020-01-02 01:45
20.0016675700719,0.0,0.0,309,b1,1,2020-01-02 01:45
0.0,-0.0,0.0,310,f1,1,2020-01-02 01:50
20.0,0.0,0.0,310,b1,1,2020-01-02 01:50
0.0,-0.0,0.0,311,f1,1,2020-01-02 01:55
19.9983325689561,0.0,0.0,311,b1,1,2020-01-02 01:55
0.0,-0.0,0.0,312,f1,1,2020-01-02 02:00
19.9966652769285,0.0,0.0,312,b1,1,2020-01-02 02:00
0.0,-0.0,0.0,313,f1,1,2020-01-02 02:05
19.9949981239056,0.0,0.0,313,b1,1,2020-01-02 02:05
0.0,-0.0,0.0,314,f1,1,2020-01-02 02:10
19.9933311098758,0.0,0.0,314,b1,1,2020-01-02 02:10
0.0,-0.0,0.0,315,f1,1,2020-01-02 02:15
19.9916642348276,0.0,0.0,315,b1,1,2020-01-02 02:15
0.0,-0.0,0.0,316,f1,1,2020-01-02 02:20
19.9899974987493,0.0,0.0,316,b1,1,2020-01-02 02:20
0.0,-0.0,0.0,317,f1,1,2020-01-02 02:25
19.9883309016294,0.0,0.0,317,b1,1,2020-01-02 02:25
0.0,-0.0,0.0,318,f1,1,2020-01-02 02:30
19.9866644434563,0.0,0.0,318,b1,1,2020-01-02 02:30
0.0,-0.0,0.0,319,f1,1,2020-01-02 02:35
19.9849981242184,0.0,0.0,319,b1,1,2020-01-02 02:35
0.0,-0.0,0.0,320,f1,1,2020-01-02 02:40
19.9833319439041,0.0,0.0,320,b1,1,2020-01-02 02:40
0.0,-0.0,0.0,321,f1,1,2020-01-02 02:45
19.9816659025019,0.0,0.0,321,b1,1,2020-01-02 02:45
0.0,-0.0,0.0,322,f1,1,2020-01-02 02:50
19.9800000000001,0.0,0.0,322,b1,1,2020-01-02 02:50
0.0,-0.0,0.0,323,f1,1,2020-01-02 02:55
19.9783342363872,0.0,0.0,323,b1,1,2020-01-02 02:55
0.0,-0.0,0.0,324,f1,1,2020-01-02 03:00
19.9766686116516,0.0,0.0,324,b1,1,2020-01-02 03:00
0.0,-0.0,0.0,325,f1,1,2020-01-02 03:05
19.9750031257817,0.0,0.0,325,b1,1,2020-01-02 03:05
0.0,-0.0,0.0,326,f1,1,2020-01-02 03:10
19.973337778766,0.0,0.0,326,b1,1,2020-01-02 03:10
0.0,-0.0,0.0,327,f1,1,2020-01-02 03:15
19.9716725705928,0.0,0.0,327,b1,1,2020-01-02 03:15
0.0,-0.0,0.0,328,f1,1,2020-01-02 03:20
19.9700075012506,0.0,0.0,328,b1,1,2020-01-02 03:20
0.0,-0.0,0.0,329,f1,1,2020-01-02 03:25
19.9683425707278,0.0,0.0,329,b1,1,2020-01-02 03:25
0.0,-0.0,0.0,330,f1,1,2020-01-02 03:30
19.9666777790129,0.0,0.0,330,b1,1,2020-01-02 03:30
0.0,-0.0,0.0,331,f1,1,2020-01-02 03:35
20.0183509198759,1.60013381345028,0.0,331,b1,1,2020-01-02 03:35
0.0,-0.0,0.0,332,f1,1,2020-01-02 03:40
20.0166819588873,0.0,0.0,332,b1,1,2020-01-02 03:40
3.95833333333333,50.0,0.0,333,f1,1,2020-01-02 03:45
20.0150131370425,0.0,0.0,333,b1,1,2020-01-02 03:45
7.75170125914913,50.0,0.0,334,f1,1,2020-01-02 03:50
20.01334445433,0.0,0.0,334,b1,1,2020-01-02 03:50
11.3869787885659,50.0,0.0,335,f1,1,2020-01-02 03:55
20.0183509198759,0.20025027413201,0.0,335,b1,1,2020-01-02 03:55
2.57908774670642,0.0,100.0,336,f1,1,2020-01-02 04:00
20.0183509198759,0.0500688296591534,0.0,336,b1,1,2020-01-02 04:00
0.0,0.0,29.6592365898058,337,f1,1,2020-01-02 04:05
20.0166819588873,0.0,0.0,337,b1,1,2020-01-02 04:05
0.0,-0.0,0.0,338,f1,1,2020-01-02 04:10
20.0150131370425,0.0,0.0,338,b1,1,2020-01-02 04:10
0.0,-0.0,0.0,339,f1,1,2020-01-02 04:15
20.01334445433,0.0,0.0,339,b1,1,2020-01-02 04:15
0.0,-0.0,0.0,340,f1,1,2020-01-02 04:20
20.0116759107382,0.0,0.0,340,b1,1,2020-01-02 04:20
0.0,-0.0,0.0,341,f1,1,2020-01-02 04:25
20.0100075062555,0.0,0.0,341,b1,1,2020-01-02 04:25
0.0,-0.0,0.0,342,f1,1,2020-01-02 04:30
20.0083392408702,0.0,0.0,342,b1,1,2020-01-02 04:30
0.0,-0.0,0.0,343,f1,1,2020-01-02 04:35
20.0066711145708,0.0,0.0,343,b1,1,2020-01-02 04:35
0.0,-0.0,0.0,344,f1,1,2020-01-02 04:40
20.0050031273457,0.0,0.0,344,b1,1,2020-01-02 04:40
0.0,-0.0,0.0,345,f1,1,2020-01-02 04:45
20.0033352791833,0.0,0.0,345,b1,1,2020-01-02 04:45
3.95833333333333,50.0,0.0,346,f1,1,2020-01-02 04:50
20.0016675700719,0.0,0.0,346,b1,1,2020-01-02 04:50
0.0,0.0,45.5204151097895,347,f1,1,2020-01-02 04:55
20.0,0.0,0.0,347,b1,1,2020-01-02 04:55
3.95833333333333,50.0,0.0,348,f1,1,2020-01-02 05:00
19.9983325689561,0.0,0.0,348,b1,1,2020-01-02 05:00
7.75170125914913,50.0,0.0,349,f1,1,2020-01-02 05:05
19.9966652769285,0.0,0.0,349,b1,1,2020-01-02 05:05
0.0,0.0,89.1437454627907,350,f1,1,2020-01-02 05:10
19.9949981239056,0.0,0.0,350,b1,1,2020-01-02 05:10
0.0,-0.0,0.0,351,f1,1,2020-01-02 05:15
19.9933311098758,0.0,0.0,351,b1,1,2020-01-02 05:15
0.0,-0.0,0.0,352,f1,1,2020-01-02 05:20
19.9916642348276,0.0,0.0,352,b1,1,2020-01-02 05:20
0.0,-0.0,0.0,353,f1,1,2020-01-02 05:25
13.3498774292643,0.0,79.6814408338199,353,b1,1,2020-01-02 05:25
3.95833333333333,50.0,0.0,354,f1,1,2020-01-02 05:30
15.015431095928,50.0,0.0,354,b1,1,2020-01-02 05:30
7.75170125914913,50.0,0.0,355,f1,1,2020-01-02 05:35
16.6808459027973,50.0000000000001,0.0,355,b1,1,2020-01-02 05:35
11.3869787885659,50.0,0.0,356,f1,1,2020-01-02 05:40
18.3461218614491,50.0000000000001,0.0,356,b1,1,2020-01-02 05:40
14.8707544133731,50.0,0.0,357,f1,1,2020-01-02 05:45
18.3445923167927,0.0,0.0,357,b1,1,2020-01-02 05:45
8.69573206612094,0.0,66.6633197688589,358,f1,1,2020-01-02 05:50
18.3430628996568,0.0,0.0,358,b1,1,2020-01-02 05:50
-7.29700806353668e-15,0.0,100.0,359,f1,1,2020-01-02 05:55
18.3415336100308,0.0,0.0,359,b1,1,2020-01-02 05:55
3.95833333333333,50.0,0.0,360,f1,1,2020-01-02 06:00
20.0066711145707,50.0000000000001,0.0,360,b1,1,2020-01-02 06:00
7.75170125914913,50.0,0.0,361,f1,1,2020-01-02 06:05
20.0050031273456,0.0,0.0,361,b1,1,2020-01-02 06:05
11.3869787885659,50.0,0.0,362,f1,1,2020-01-02 06:10
20.0033352791832,0.0,0.0,362,b1,1,2020-01-02 06:10
10.9124210800398,0.0,0.0,363,f1,1,2020-01-02 06:15
20.0016675700718,0.0,0.0,363,b1,1,2020-01-02 06:15
8.69573206612094,0.0,21.1429046590698,364,f1,1,2020-01-02 06:20
19.9999999999999,0.0,0.0,364,b1,1,2020-01-02 06:20
-7.29700806353668e-15,0.0,100.0,365,f1,1,2020-01-02 06:25
19.998332568956,0.0,0.0,365,b1,1,2020-01-02 06:25
3.95833333333333,50.0,0.0,366,f1,1,2020-01-02 06:30
20.0183509198759,0.650569288426475,0.0,366,b1,1,2020-01-02 06:30
3.79336792581579,0.0,0.0,367,f1,1,2020-01-02 06:35
20.0183509198759,0.0500688296591534,0.0,367,b1,1,2020-01-02 06:35
4.94341800848424,16.5238797355893,0.0,368,f1,1,2020-01-02 06:40
20.0166819588873,0.0,0.0,368,b1,1,2020-01-02 06:40
8.69573206612095,50.0,0.0,369,f1,1,2020-01-02 06:45
20.0150131370425,0.0,0.0,369,b1,1,2020-01-02 06:45
-0.0,0.0,100.0,370,f1,1,2020-01-02 06:50
20.01334445433,0.0,0.0,370,b1,1,2020-01-02 06:50
0.0,-0.0,0.0,371,f1,1,2020-01-02 06:55
20.0116759107382,0.0,0.0,371,b1,1,2020-01-02 06:55
3.95833333333333,50.0,0.0,372,f1,1,2020-01-02 07:00
20.0100075062555,0.0,0.0,372,b1,1,2020-01-02 07:00
7.75170125914913,50.0,0.0,373,f1,1,2020-01-02 07:05
20.0083392408702,0.0,0.0,373,b1,1,2020-01-02 07:05
11.3869787885659,50.0,0.0,374,f1,1,2020-01-02 07:10
20.0066711145708,0.0,0.0,374,b1,1,2020-01-02 07:10
10.9124210800398,0.0,0.0,375,f1,1,2020-01-02 07:15
20.0050031273457,0.0,0.0,375,b1,1,2020-01-02 07:15
8.69573206612094,0.0,21.1429046590698,376,f1,1,2020-01-02 07:20
20.0033352791833,0.0,0.0,376,b1,1,2020-01-02 07:20
-7.29700806353668e-15,0.0,100.0,377,f1,1,2020-01-02 07:25
20.0016675700719,0.0,0.0,377,b1,1,2020-01-02 07:25
0.0,8.83313913205552e-14,0.0,378,f1,1,2020-01-02 07:30
20.0183509198759,0.55052759627614,0.0,378,b1,1,2020-01-02 07:30
0.0,-0.0,0.0,379,f1,1,2020-01-02 07:35
20.0166819588873,0.0,0.0,379,b1,1,2020-01-02 07:35
0.0,-0.0,0.0,380,f1,1,2020-01-02 07:40
20.0150131370425,0.0,0.0,380,b1,1,2020-01-02 07:40
0.0,-0.0,0.0,381,f1,1,2020-01-02 07:45
20.01334445433,0.0,0.0,381,b1,1,2020-01-02 07:45
3.95833333333333,50.0,0.0,382,f1,1,2020-01-02 07:50
20.0116759107382,0.0,0.0,382,b1,1,2020-01-02 07:50
0.0,0.0,45.5204151097895,383,f1,1,2020-01-02 07:55
20.0100075062555,0.0,0.0,383,b1,1,2020-01-02 07:55
3.95833333333333,50.0,0.0,384,f1,1,2020-01-02 08:00
20.0183509198759,0.30035037017079,0.0,384,b1,1,2020-01-02 08:00
0.0,0.0,45.5204151097895,385,f1,1,2020-01-02 08:05
20.0166819588873,0.0,0.0,385,b1,1,2020-01-02 08:05
0.0,-0.0,0.0,386,f1,1,2020-01-02 08:10
20.0150131370425,0.0,0.0,386,b1,1,2020-01-02 08:10
0.0,-0.0,0.0,387,f1,1,2020-01-02 08:15
20.01334445433,0.0,0.0,387,b1,1,2020-01-02 08:15
0.0,-0.0,0.0,388,f1,1,2020-01-02 08:20
20.0116759107382,0.0,0.0,388,b1,1,2020-01-02 08:20
0.0,-0.0,0.0,389,f1,1,2020-01-02 08:25
20.0100075062555,0.0,0.0,389,b1,1,2020-01-02 08:25
0.0,-0.0,0.0,390,f1,1,2020-01-02 08:30
20.0083392408702,0.0,0.0,390,b1,1,2020-01-02 08:30
0.0,-0.0,0.0,391,f1,1,2020-01-02 08:35
20.0066711145708,0.0,0.0,391,b1,1,2020-01-02 08:35
0.0,-0.0,0.0,392,f1,1,2020-01-02 08:40
20.0050031273457,0.0,0.0,392,b1,1,2020-01-02 08:40
0.0,-0.0,0.0,393,f1,1,2020-01-02 08:45
20.0033352791833,0.0,0.0,393,b1,1,2020-01-02 08:45
0.0,-0.0,0.0,394,f1,1,2020-01-02 08:50
20.0016675700719,0.0,0.0,394,b1,1,2020-01-02 08:50
0.0,-0.0,0.0,395,f1,1,2020-01-02 08:55
20.0,0.0,0.0,395,b1,1,2020-01-02 08:55
0.0,-0.0,0.0,396,f1,1,2020-01-02 09:00
19.9983325689561,0.0,0.0,396,b1,1,2020-01-02 09:00
0.0,-0.0,0.0,397,f1,1,2020-01-02 09:05
19.9966652769285,0.0,0.0,397,b1,1,2020-01-02 09:05
0.0,-0.0,0.0,398,f1,1,2020-01-02 09:10
19.9949981239056,0.0,0.0,398,b1,1,2020-01-02 09:10
0.0,-0.0,0.0,399,f1,1,2020-01-02 09:15
19.9933311098758,0.0,0.0,399,b1,1,2020-01-02 09:15
0.0,-0.0,0.0,400,f1,1,2020-01-02 09:20
19.9916642348276,0.0,0.0,400,b1,1,2020-01-02 09:20
0.0,-0.0,0.0,401,f1,1,2020-01-02 09:25
19.9899974987493,0.0,0.0,401,b1,1,2020-01-02 09:25
0.0,-0.0,0.0,402,f1,1,2020-01-02 09:30
19.9883309016294,0.0,0.0,402,b1,1,2020-01-02 09:30
0.0,-0.0,0.0,403,f1,1,2020-01-02 09:35
19.9866644434563,0.0,0.0,403,b1,1,2020-01-02 09:35
0.0,-0.0,0.0,404,f1,1,2020-01-02 09:40
19.9849981242184,0.0,0.0,404,b1,1,2020-01-02 09:40
0.0,-0.0,0.0,405,f1,1,2020-01-02 09:45
19.9833319439041,0.0,0.0,405,b1,1,2020-01-02 09:45
0.0,-0.0,0.0,406,f1,1,2020-01-02 09:50
19.9816659025019,0.0,0.0,406,b1,1,2020-01-02 09:50
0.0,-0.0,0.0,407,f1,1,2020-01-02 09:55
19.9800000000001,0.0,0.0,407,b1,1,2020-01-02 09:55
0.0,-0.0,0.0,408,f1,1,2020-01-02 10:00
19.9783342363872,0.0,0.0,408,b1,1,2020-01-02 10:00
0.0,-0.0,0.0,409,f1,1,2020-01-02 10:05
19.9766686116516,0.0,0.0,409,b1,1,2020-01-02 10:05
0.0,-0.0,0.0,410,f1,1,2020-01-02 10:10
19.9750031257817,0.0,0.0,410,b1,1,2020-01-02 10:10
0.0,-0.0,0.0,411,f1,1,2020-01-02 10:15
19.973337778766,0.0,0.0,411,b1,1,2020-01-02 10:15
0.0,-0.0,0.0,412,f1,1,2020-01-02 10:20
19.9716725705928,0.0,0.0,412,b1,1,2020-01-02 10:20
0.0,-0.0,0.0,413,f1,1,2020-01-02 10:25
19.9700075012506,0.0,0.0,413,b1,1,2020-01-02 10:25
0.0,-0.0,0.0,414,f1,1,2020-01-02 10:30
19.9683425707278,0.0,0.0,414,b1,1,2020-01-02 10:30
0.0,-0.0,0.0,415,f1,1,2020-01-02 10:35
19.9666777790129,0.0,0.0,415,b1,1,2020-01-02 10:35
0.0,-0.0,0.0,416,f1,1,2020-01-02 10:40
19.9650131260942,0.0,0.0,416,b1,1,2020-01-02 10:40
3.95833333333333,50.0,0.0,417,f1,1,2020-01-02 10:45
19.9633486119602,0.0,0.0,417,b1,1,2020-01-02 10:45
7.75170125914913,50.0,0.0,418,f1,1,2020-01-02 10:50
19.9616842365994,0.0,0.0,418,b1,1,2020-01-02 10:50
11.3869787885659,50.0,0.0,419,f1,1,2020-01-02 10:55
19.9600200000001,0.0,0.0,419,b1,1,2020-01-02 10:55
2.57908774670642,0.0,100.0,420,f1,1,2020-01-02 11:00
19.9583559021508,0.0,0.0,420,b1,1,2020-01-02 11:00
0.0,0.0,29.6592365898058,421,f1,1,2020-01-02 11:05
19.9566919430399,0.0,0.0,421,b1,1,2020-01-02 11:05
0.0,-0.0,0.0,422,f1,1,2020-01-02 11:10
19.9550281226559,0.0,0.0,422,b1,1,2020-01-02 11:10
0.0,-0.0,0.0,423,f1,1,2020-01-02 11:15
19.9533644409872,0.0,0.0,423,b1,1,2020-01-02 11:15
0.0,-0.0,0.0,424,f1,1,2020-01-02 11:20
19.9517008980222,0.0,0.0,424,b1,1,2020-01-02 11:20
0.0,-0.0,0.0,425,f1,1,2020-01-02 11:25
19.9500374937493,0.0,0.0,425,b1,1,2020-01-02 11:25
3.95833333333333,50.0,0.0,426,f1,1,2020-01-02 11:30
19.948374228157,0.0,0.0,426,b1,1,2020-01-02 11:30
7.75170125914913,50.0,0.0,427,f1,1,2020-01-02 11:35
19.9467111012338,0.0,0.0,427,b1,1,2020-01-02 11:35
7.42864545523256,0.0,0.0,428,f1,1,2020-01-02 11:40
19.9450481129681,0.0,0.0,428,b1,1,2020-01-02 11:40
11.0773864875573,50.0,0.0,429,f1,1,2020-01-02 11:45
19.9433852633483,0.0,0.0,429,b1,1,2020-01-02 11:45
14.5740645174424,50.0,0.0,430,f1,1,2020-01-02 11:50
19.9417225523628,0.0,0.0,430,b1,1,2020-01-02 11:50
17.925016842193,50.0,0.0,431,f1,1,2020-01-02 11:55
20.0183509198759,2.34872819627377,0.0,431,b1,1,2020-01-02 11:55
8.84464998259496,0.0,100.0,432,f1,1,2020-01-02 12:00
20.0166819588873,0.0,0.0,432,b1,1,2020-01-02 12:00
0.142711692109095,0.0,100.0,433,f1,1,2020-01-02 12:05
20.0150131370425,0.0,0.0,433,b1,1,2020-01-02 12:05
0.136764115070031,0.0,0.0,434,f1,1,2020-01-02 12:10
20.01334445433,0.0,0.0,434,b1,1,2020-01-02 12:10
0.0,0.0,1.57277287329116,435,f1,1,2020-01-02 12:15
20.0116759107382,0.0,0.0,435,b1,1,2020-01-02 12:15
3.95833333333333,50.0,0.0,436,f1,1,2020-01-02 12:20
20.0100075062555,0.0,0.0,436,b1,1,2020-01-02 12:20
7.75170125914913,50.0,0.0,437,f1,1,2020-01-02 12:25
20.0183509198759,0.30035037017079,0.0,437,b1,1,2020-01-02 12:25
0.0,0.0,89.1437454627907,438,f1,1,2020-01-02 12:30
20.0166819588873,0.0,0.0,438,b1,1,2020-01-02 12:30
0.0,-0.0,0.0,439,f1,1,2020-01-02 12:35
20.0150131370425,0.0,0.0,439,b1,1,2020-01-02 12:35
0.0,-0.0,0.0,440,f1,1,2020-01-02 12:40
20.01334445433,0.0,0.0,440,b1,1,2020-01-02 12:40
0.0,-0.0,0.0,441,f1,1,2020-01-02 12:45
20.0116759107382,0.0,0.0,441,b1,1,2020-01-02 12:45
0.0,-0.0,0.0,442,f1,1,2020-01-02 12:50
20.0100075062555,0.0,0.0,442,b1,1,2020-01-02 12:50
0.0,-0.0,0.0,443,f1,1,2020-01-02 12:55
20.0083392408702,0.0,0.0,443,b1,1,2020-01-02 12:55
0.0,-0.0,0.0,444,f1,1,2020-01-02 13:00
20.0066711145708,0.0,0.0,444,b1,1,2020-01-02 13:00
0.0,-0.0,0.0,445,f1,1,2020-01-02 13:05
20.0050031273457,0.0,0.0,445,b1,1,2020-01-02 13:05
0.0,-0.0,0.0,446,f1,1,2020-01-02 13:10
20.0033352791833,0.0,0.0,446,b1,1,2020-01-02 13:10
0.0,-0.0,0.0,447,f1,1,2020-01-02 13:15
20.0016675700719,0.0,0.0,447,b1,1,2020-01-02 13:15
0.0,-0.0,0.0,448,f1,1,2020-01-02 13:20
20.0,0.0,0.0,448,b1,1,2020-01-02 13:20
0.0,-0.0,0.0,449,f1,1,2020-01-02 13:25
19.9983325689561,0.0,0.0,449,b1,1,2020-01-02 13:25
0.0,-0.0,0.0,450,f1,1,2020-01-02 13:30
19.9966652769285,0.0,0.0,450,b1,1,2020-01-02 13:30
0.0,-0.0,0.0,451,f1,1,2020-01-02 13:35
19.9949981239056,0.0,0.0,451,b1,1,2020-01-02 13:35
0.0,-0.0,0.0,452,f1,1,2020-01-02 13:40
19.9933311098758,0.0,0.0,452,b1,1,2020-01-02 13:40
0.0,-0.0,0.0,453,f1,1,2020-01-02 13:45
19.9916642348276,0.0,0.0,453,b1,1,2020-01-02 13:45
0.0,-0.0,0.0,454,f1,1,2020-01-02 13:50
19.9899974987493,0.0,0.0,454,b1,1,2020-01-02 13:50
0.0,-0.0,0.0,455,f1,1,2020-01-02 13:55
19.9883309016294,0.0,0.0,455,b1,1,2020-01-02 13:55
0.0,-0.0,0.0,456,f1,1,2020-01-02 14:00
19.9866644434563,0.0,0.0,456,b1,1,2020-01-02 14:00
3.95833333333333,50.0,0.0,457,f1,1,2020-01-02 14:05
21.6516647908851,50.0,0.0,457,b1,1,2020-01-02 14:05
7.75170125914913,50.0,0.0,458,f1,1,2020-01-02 14:10
21.6498596579838,0.0,0.0,458,b1,1,2020-01-02 14:10
0.0,0.0,89.1437454627907,459,f1,1,2020-01-02 14:15
21.6480546755793,0.0,0.0,459,b1,1,2020-01-02 14:15
0.0,-0.0,0.0,460,f1,1,2020-01-02 14:20
21.6462498436589,0.0,0.0,460,b1,1,2020-01-02 14:20
0.0,-0.0,0.0,461,f1,1,2020-01-02 14:25
21.6444451622102,0.0,0.0,461,b1,1,2020-01-02 14:25
0.0,-0.0,0.0,462,f1,1,2020-01-02 14:30
21.6426406312206,0.0,0.0,462,b1,1,2020-01-02 14:30
1.02792388770649,12.9843017394504,0.0,463,f1,1,2020-01-02 14:35
21.6408362506775,0.0,0.0,463,b1,1,2020-01-02 14:35
4.94341800848424,50.0,0.0,464,f1,1,2020-01-02 14:40
21.6390320205684,0.0,0.0,464,b1,1,2020-01-02 14:40
8.69573206612095,50.0,0.0,465,f1,1,2020-01-02 14:45
21.6372279408808,0.0,0.0,465,b1,1,2020-01-02 14:45
-0.0,0.0,100.0,466,f1,1,2020-01-02 14:50
21.6354240116021,0.0,0.0,466,b1,1,2020-01-02 14:50
0.0,-0.0,0.0,467,f1,1,2020-01-02 14:55
21.6336202327198,0.0,0.0,467,b1,1,2020-01-02 14:55
0.0,-0.0,0.0,468,f1,1,2020-01-02 15:00
21.6318166042213,0.0,0.0,468,b1,1,2020-01-02 15:00
0.0,-0.0,0.0,469,f1,1,2020-01-02 15:05
21.6300131260942,0.0,0.0,469,b1,1,2020-01-02 15:05
3.95833333333333,50.0,0.0,470,f1,1,2020-01-02 15:10
21.6282097983258,0.0,0.0,470,b1,1,2020-01-02 15:10
3.79336792581579,0.0,0.0,471,f1,1,2020-01-02 15:15
21.6264066209037,0.0,0.0,471,b1,1,2020-01-02 15:15
0.0,0.0,43.6233303530011,472,f1,1,2020-01-02 15:20
21.6246035938153,0.0,0.0,472,b1,1,2020-01-02 15:20
0.0,-0.0,0.0,473,f1,1,2020-01-02 15:25
21.622800717048,0.0,0.0,473,b1,1,2020-01-02 15:25
0.0,-0.0,0.0,474,f1,1,2020-01-02 15:30
21.6209979905894,0.0,0.0,474,b1,1,2020-01-02 15:30
0.0,-0.0,0.0,475,f1,1,2020-01-02 15:35
21.6191954144269,0.0,0.0,475,b1,1,2020-01-02 15:35
0.0,-0.0,0.0,476,f1,1,2020-01-02 15:40
21.6173929885479,0.0,0.0,476,b1,1,2020-01-02 15:40
0.0,-0.0,0.0,477,f1,1,2020-01-02 15:45
21.61559071294,0.0,0.0,477,b1,1,2020-01-02 15:45
0.0,-0.0,0.0,478,f1,1,2020-01-02 15:50
21.6137885875906,0.0,0.0,478,b1,1,2020-01-02 15:50
0.0,-0.0,0.0,479,f1,1,2020-01-02 15:55
21.6119866124872,0.0,0.0,479,b1,1,2020-01-02 15:55
0.0,-0.0,0.0,480,f1,1,2020-01-02 16:00
21.6101847876172,0.0,0.0,480,b1,1,2020-01-02 16:00
0.0,-0.0,0.0,481,f1,1,2020-01-02 16:05
21.6083831129682,0.0,0.0,481,b1,1,2020-01-02 16:05
0.0,-0.0,0.0,482,f1,1,2020-01-02 16:10
21.6065815885276,0.0,0.0,482,b1,1,2020-01-02 16:10
0.0,-0.0,0.0,483,f1,1,2020-01-02 16:15
21.6047802142829,0.0,0.0,483,b1,1,2020-01-02 16:15
0.0,-0.0,0.0,484,f1,1,2020-01-02 16:20
20.0183509198759,0.0,19.0155368441477,484,b1,1,2020-01-02 16:20
0.0,-0.0,0.0,485,f1,1,2020-01-02 16:25
20.0166819588873,0.0,0.0,485,b1,1,2020-01-02 16:25
0.0,-0.0,0.0,486,f1,1,2020-01-02 16:30
20.0150131370425,0.0,0.0,486,b1,1,2020-01-02 16:30
0.0,-0.0,0.0,487,f1,1,2020-01-02 16:35
20.01334445433,0.0,0.0,487,b1,1,2020-01-02 16:35
0.0,-0.0,0.0,488,f1,1,2020-01-02 16:40
20.0116759107382,0.0,0.0,488,b1,1,2020-01-02 16:40
0.0,-0.0,0.0,489,f1,1,2020-01-02 16:45
20.0100075062555,0.0,0.0,489,b1,1,2020-01-02 16:45
0.0,-0.0,0.0,490,f1,1,2020-01-02 16:50
20.0083392408702,0.0,0.0,490,b1,1,2020-01-02 16:50
0.0,-0.0,0.0,491,f1,1,2020-01-02 16:55
20.0066711145708,0.0,0.0,491,b1,1,2020-01-02 16:55
0.0,-0.0,0.0,492,f1,1,2020-01-02 17:00
20.0050031273457,0.0,0.0,492,b1,1,2020-01-02 17:00
0.0,-0.0,0.0,493,f1,1,2020-01-02 17:05
20.0033352791833,0.0,0.0,493,b1,1,2020-01-02 17:05
0.0,-0.0,0.0,494,f1,1,2020-01-02 17:10
20.0016675700719,0.0,0.0,494,b1,1,2020-01-02 17:10
0.0,-0.0,0.0,495,f1,1,2020-01-02 17:15
20.0,0.0,0.0,495,b1,1,2020-01-02 17:15
0.0,-0.0,0.0,496,f1,1,2020-01-02 17:20
19.9983325689561,0.0,0.0,496,b1,1,2020-01-02 17:20
0.0,-0.0,0.0,497,f1,1,2020-01-02 17:25
19.9966652769285,0.0,0.0,497,b1,1,2020-01-02 17:25
0.0,-0.0,0.0,498,f1,1,2020-01-02 17:30
20.0183509198759,0.700583879109757,0.0,498,b1,1,2020-01-02 17:30
0.0,-0.0,0.0,499,f1,1,2020-01-02 17:35
20.0166819588873,0.0,0.0,499,b1,1,2020-01-02 17:35
0.0,-0.0,0.0,500,f1,1,2020-01-02 17:40
20.0150131370425,0.0,0.0,500,b1,1,2020-01-02 17:40
0.0,-0.0,0.0,501,f1,1,2020-01-02 17:45
20.01334445433,0.0,0.0,501,b1,1,2020-01-02 17:45
0.0,-0.0,0.0,502,f1,1,2020-01-02 17:50
20.0116759107382,0.0,0.0,502,b1,1,2020-01-02 17:50
0.0,-0.0,0.0,503,f1,1,2020-01-02 17:55
20.0100075062555,0.0,0.0,503,b1,1,2020-01-02 17:55
0.0,-0.0,0.0,504,f1,1,2020-01-02 18:00
20.0083392408702,0.0,0.0,504,b1,1,2020-01-02 18:00
0.0,-0.0,0.0,505,f1,1,2020-01-02 18:05
20.0066711145708,0.0,0.0,505,b1,1,2020-01-02 18:05
0.0,-0.0,0.0,506,f1,1,2020-01-02 18:10
20.0050031273457,0.0,0.0,506,b1,1,2020-01-02 18:10
0.0,-0.0,0.0,507,f1,1,2020-01-02 18:15
20.0033352791833,0.0,0.0,507,b1,1,2020-01-02 18:15
0.0,-0.0,0.0,508,f1,1,2020-01-02 18:20
20.0016675700719,0.0,0.0,508,b1,1,2020-01-02 18:20
0.0,-0.0,0.0,509,f1,1,2020-01-02 18:25
20.0,0.0,0.0,509,b1,1,2020-01-02 18:25
0.0,-0.0,0.0,510,f1,1,2020-01-02 18:30
19.9983325689561,0.0,0.0,510,b1,1,2020-01-02 18:30
0.0,-0.0,0.0,511,f1,1,2020-01-02 18:35
19.9966652769285,0.0,0.0,511,b1,1,2020-01-02 18:35
0.0,-0.0,0.0,512,f1,1,2020-01-02 18:40
19.9949981239056,0.0,0.0,512,b1,1,2020-01-02 18:40
0.0,-0.0,0.0,513,f1,1,2020-01-02 18:45
19.9933311098758,0.0,0.0,513,b1,1,2020-01-02 18:45
0.0,-0.0,0.0,514,f1,1,2020-01-02 18:50
19.9916642348276,0.0,0.0,514,b1,1,2020-01-02 18:50
0.0,-0.0,0.0,515,f1,1,2020-01-02 18:55
19.9899974987493,0.0,0.0,515,b1,1,2020-01-02 18:55
0.0,-0.0,0.0,516,f1,1,2020-01-02 19:00
19.9883309016294,0.0,0.0,516,b1,1,2020-01-02 19:00
0.0,-0.0,0.0,517,f1,1,2020-01-02 19:05
19.9866644434563,0.0,0.0,517,b1,1,2020-01-02 19:05
0.0,-0.0,0.0,518,f1,1,2020-01-02 19:10
19.9849981242184,0.0,0.0,518,b1,1,2020-01-02 19:10
0.0,-0.0,0.0,519,f1,1,2020-01-02 19:15
19.9833319439041,0.0,0.0,519,b1,1,2020-01-02 19:15
0.0,-0.0,0.0,520,f1,1,2020-01-02 19:20
19.9816659025019,0.0,0.0,520,b1,1,2020-01-02 19:20
0.0,-0.0,0.0,521,f1,1,2020-01-02 19:25
20.0183509198759,1.15052759627389,0.0,521,b1,1,2020-01-02 19:25
0.0,-0.0,0.0,522,f1,1,2020-01-02 19:30
20.0183509198759,0.0500688296591534,0.0,522,b1,1,2020-01-02 19:30
0.0,-0.0,0.0,523,f1,1,2020-01-02 19:35
20.0166819588873,0.0,0.0,523,b1,1,2020-01-02 19:35
0.0,-0.0,0.0,524,f1,1,2020-01-02 19:40
20.0150131370425,0.0,0.0,524,b1,1,2020-01-02 19:40
0.0,-0.0,0.0,525,f1,1,2020-01-02 19:45
20.01334445433,0.0,0.0,525,b1,1,2020-01-02 19:45
3.95833333333333,50.0,0.0,526,f1,1,2020-01-02 19:50
20.0116759107382,0.0,0.0,526,b1,1,2020-01-02 19:50
7.75170125914913,50.0,0.0,527,f1,1,2020-01-02 19:55
20.0183509198759,0.250302408613869,0.0,527,b1,1,2020-01-02 19:55
7.42864545523256,0.0,0.0,528,f1,1,2020-01-02 20:00
20.0166819588873,0.0,0.0,528,b1,1,2020-01-02 20:00
7.11905315422395,0.0,0.0,529,f1,1,2020-01-02 20:05
20.0150131370425,0.0,0.0,529,b1,1,2020-01-02 20:05
10.7806965916266,50.0,0.0,530,f1,1,2020-01-02 20:10
20.01334445433,0.0,0.0,530,b1,1,2020-01-02 20:10
14.2897393127762,50.0,0.0,531,f1,1,2020-01-02 20:15
20.0116759107382,0.0,0.0,531,b1,1,2020-01-02 20:15
17.6525410244544,50.0,0.0,532,f1,1,2020-01-02 20:20
20.0100075062555,0.0,0.0,532,b1,1,2020-01-02 20:20
20.875196389665,50.0,0.0,533,f1,1,2020-01-02 20:25
20.0183509198759,0.30035037017079,0.0,533,b1,1,2020-01-02 20:25
11.6718794067915,0.0,100.0,534,f1,1,2020-01-02 20:30
20.0166819588873,0.0,0.0,534,b1,1,2020-01-02 20:30
2.85211499737305,0.0,100.0,535,f1,1,2020-01-02 20:35
20.0150131370425,0.0,0.0,535,b1,1,2020-01-02 20:35
2.73325176044795,0.0,0.0,536,f1,1,2020-01-02 20:40
20.0183509198759,0.15019396637701,0.0,536,b1,1,2020-01-02 20:40
0.0,0.0,31.4321064594073,537,f1,1,2020-01-02 20:45
20.0183509198759,0.0500688296591534,0.0,537,b1,1,2020-01-02 20:45
0.0,-0.0,0.0,538,f1,1,2020-01-02 20:50
20.0166819588873,0.0,0.0,538,b1,1,2020-01-02 20:50
0.0,-0.0,0.0,539,f1,1,2020-01-02 20:55
20.0183509198759,0.100133485001095,0.0,539,b1,1,2020-01-02 20:55
0.0,-0.0,0.0,540,f1,1,2020-01-02 21:00
20.0166819588873,0.0,0.0,540,b1,1,2020-01-02 21:00
0.0,-0.0,0.0,541,f1,1,2020-01-02 21:05
20.0150131370425,0.0,0.0,541,b1,1,2020-01-02 21:05
0.0,-0.0,0.0,542,f1,1,2020-01-02 21:10
20.01334445433,0.0,0.0,542,b1,1,2020-01-02 21:10
0.0,-0.0,0.0,543,f1,1,2020-01-02 21:15
20.0116759107382,0.0,0.0,543,b1,1,2020-01-02 21:15
0.0,-0.0,0.0,544,f1,1,2020-01-02 21:20
20.0100075062555,0.0,0.0,544,b1,1,2020-01-02 21:20
3.95833333333333,50.0,0.0,545,f1,1,2020-01-02 21:25
20.0083392408702,0.0,0.0,545,b1,1,2020-01-02 21:25
0.0,0.0,45.5204151097895,546,f1,1,2020-01-02 21:30
20.0066711145708,0.0,0.0,546,b1,1,2020-01-02 21:30
0.0,-0.0,0.0,547,f1,1,2020-01-02 21:35
20.0050031273457,0.0,0.0,547,b1,1,2020-01-02 21:35
0.0,-0.0,0.0,548,f1,1,2020-01-02 21:40
20.0033352791833,0.0,0.0,548,b1,1,2020-01-02 21:40
0.0,-0.0,0.0,549,f1,1,2020-01-02 21:45
20.0016675700719,0.0,0.0,549,b1,1,2020-01-02 21:45
0.0,-0.0,0.0,550,f1,1,2020-01-02 21:50
20.0,0.0,0.0,550,b1,1,2020-01-02 21:50
0.0,-0.0,0.0,551,f1,1,2020-01-02 21:55
19.9983325689561,0.0,0.0,551,b1,1,2020-01-02 21:55
0.0,-0.0,0.0,552,f1,1,2020-01-02 22:00
19.9966652769285,0.0,0.0,552,b1,1,2020-01-02 22:00
0.0,-0.0,0.0,553,f1,1,2020-01-02 22:05
19.9949981239056,0.0,0.0,553,b1,1,2020-01-02 22:05
0.0,-0.0,0.0,554,f1,1,2020-01-02 22:10
19.9933311098758,0.0,0.0,554,b1,1,2020-01-02 22:10
3.95833333333333,50.0,0.0,555,f1,1,2020-01-02 22:15
19.9916642348276,0.0,0.0,555,b1,1,2020-01-02 22:15
7.75170125914913,50.0,0.0,556,f1,1,2020-01-02 22:20
19.9899974987493,0.0,0.0,556,b1,1,2020-01-02 22:20
11.3869787885659,50.0,0.0,557,f1,1,2020-01-02 22:25
20.0183509198759,0.900600547395207,0.0,557,b1,1,2020-01-02 22:25
2.57908774670642,0.0,100.0,558,f1,1,2020-01-02 22:30
20.0166819588873,0.0,0.0,558,b1,1,2020-01-02 22:30
0.0,0.0,29.6592365898058,559,f1,1,2020-01-02 22:35
20.0150131370425,0.0,0.0,559,b1,1,2020-01-02 22:35
0.0,-0.0,0.0,560,f1,1,2020-01-02 22:40
20.01334445433,0.0,0.0,560,b1,1,2020-01-02 22:40
1.02792388770649,12.9843017394504,0.0,561,f1,1,2020-01-02 22:45
20.0116759107382,0.0,0.0,561,b1,1,2020-01-02 22:45
4.94341800848424,50.0,0.0,562,f1,1,2020-01-02 22:50
20.0100075062555,0.0,0.0,562,b1,1,2020-01-02 22:50
8.69573206612095,50.0,0.0,563,f1,1,2020-01-02 22:55
20.0083392408702,0.0,0.0,563,b1,1,2020-01-02 22:55
